X1,X2,X3,X4,X5,Y
50,30,20,67.5,0,41.8066
50,30,20,45,0,43.8004
50,30,20,67.5,4.23E-06,42.1807
50,30,20,68.6329,22.5,46.3704
50,30,20,47.2658,22.5,45.2338
50,30,20,45,7.63E-06,42.2163
50,30,20,72.3678,45,44.3482
50,30,20,54.7356,45,42.7689
116.6667,30,20,90,0,72.868
116.6667,30,20,67.5,0,73.5244
116.6667,30,20,45,0,68.0055
116.6667,30,20,67.5,6.10E-06,72.7023
116.6667,30,20,68.6329,22.5,66.2201
116.6667,30,20,47.2658,22.5,67.3197
116.6667,30,20,45,5.08E-06,72.5397
116.6667,30,20,72.3678,45,69.464
183.3333,30,20,90,0,91.9148
183.3333,30,20,67.5,0,93.1521
183.3333,30,20,45,0,80.2054
183.3333,30,20,67.5,2.28E-06,91.4427
183.3333,30,20,68.6329,22.5,78.7143
183.3333,30,20,47.2658,22.5,80.3129
183.3333,30,20,45,6.37E-06,90.9994
183.3333,30,20,72.3678,45,85.401
250,30,20,67.5,0,108.4711
250,30,20,45,0,88.8258
250,30,20,67.5,6.18E-06,106.1674
250,30,20,68.6329,22.5,88.7304
250,30,20,47.2658,22.5,90.389
250,30,20,90,45,105.4673
250,30,20,72.3678,45,98.2179
250,30,20,54.7356,45,97.7829
116.6667,70,20,90,0,64.8755
116.6667,70,20,67.5,0,64.973
116.6667,70,20,67.5,2.26E-07,64.8598
116.6667,70,20,68.6329,22.5,63.6075
116.6667,70,20,47.2658,22.5,63.8472
116.6667,70,20,45,2.50E-06,64.8442
116.6667,70,20,72.3678,45,64.2591
116.6667,70,20,54.7356,45,64.5874
116.6667,70,56.6667,90,0,100.4471
116.6667,70,56.6667,67.5,0,99.4343
116.6667,70,56.6667,45,0,104.8725
116.6667,70,56.6667,67.5,3.53E-06,100.5349
116.6667,70,56.6667,68.6329,22.5,112.6401
116.6667,70,56.6667,47.2658,22.5,109.2029
116.6667,70,56.6667,45,7.70E-06,100.6288
116.6667,70,56.6667,72.3678,45,106.9822
116.6667,70,56.6667,54.7356,45,102.1211
183.3333,70,20,90,0,88.9548
183.3333,70,20,67.5,0,89.7696
183.3333,70,20,45,0,80.5003
183.3333,70,20,67.5,3.84E-06,88.713
183.3333,70,20,68.6329,22.5,78.8274
183.3333,70,20,47.2658,22.5,80.037
183.3333,70,20,72.3678,45,84.0405
183.3333,70,20,54.7356,45,85.0849
183.3333,70,56.6667,90,0,135.6922
183.3333,70,56.6667,67.5,0,135.6922
183.3333,70,56.6667,45,0,135.6922
183.3333,70,56.6667,67.5,4.80E-06,135.6922
183.3333,70,56.6667,68.6329,22.5,135.6922
183.3333,70,56.6667,47.2658,22.5,135.6922
183.3333,70,56.6667,45,5.87E-06,135.6922
183.3333,70,56.6667,72.3678,45,135.6922
183.3333,70,56.6667,54.7356,45,135.6922
250,70,20,67.5,0,106.6984
250,70,20,45,0,89.9314
250,70,20,67.5,3.00E-06,105.0002
250,70,20,68.6329,22.5,89.5253
250,70,20,47.2658,22.5,90.89
250,70,20,90,45,104.5181
250,70,20,72.3678,45,97.9005
250,70,20,54.7356,45,98.0731
250,70,56.6667,90,0,159.7903
250,70,56.6667,67.5,0,160.6217
250,70,56.6667,67.5,4.14E-06,159.6192
250,70,56.6667,68.6329,22.5,151.4719
250,70,56.6667,47.2658,22.5,153.0885
250,70,56.6667,90,45,159.449
250,70,56.6667,72.3678,45,155.4193
250,70,56.6667,54.7356,45,157.1958
116.6667,110,20,90,0,34.9206
116.6667,110,20,67.5,0,34.036
116.6667,110,20,67.5,5.27E-06,34.9822
116.6667,110,20,68.6329,22.5,44.2736
116.6667,110,20,47.2658,22.5,40.5469
116.6667,110,20,45,8.66E-07,35.0511
116.6667,110,20,72.3678,45,39.172
116.6667,110,20,54.7356,45,35.0153
183.3333,110,20,90,0,80.1736
183.3333,110,20,67.5,0,80.571
183.3333,110,20,45,0,76.1286
183.3333,110,20,67.5,5.09E-06,80.0891
183.3333,110,20,68.6329,22.5,74.5396
183.3333,110,20,47.2658,22.5,75.328
183.3333,110,20,90,45,80.0028
183.3333,110,20,54.7356,45,78.5215
183.3333,110,56.6667,90,0,125.8038
183.3333,110,56.6667,67.5,0,125.2434
183.3333,110,56.6667,45,0,128.8851
183.3333,110,56.6667,67.5,3.52E-06,125.8686
183.3333,110,56.6667,68.6329,22.5,132.8077
183.3333,110,56.6667,47.2658,22.5,131.0805
183.3333,110,56.6667,90,45,125.9361
183.3333,110,56.6667,72.3678,45,129.3662
183.3333,110,56.6667,54.7356,45,126.97
183.3333,110,93.3333,90,0,151.8612
183.3333,110,93.3333,67.5,0,150.3248
183.3333,110,93.3333,45,0,158.3849
183.3333,110,93.3333,67.5,1.27E-06,151.9901
183.3333,110,93.3333,68.6329,22.5,170.0843
183.3333,110,93.3333,47.2658,22.5,164.9166
183.3333,110,93.3333,90,45,152.1297
183.3333,110,93.3333,72.3678,45,161.7251
183.3333,110,93.3333,54.7356,45,154.3389
250,110,20,90,0,100.6695
250,110,20,67.5,0,101.5398
250,110,20,45,0,88.6452
250,110,20,67.5,5.00E-06,100.3578
250,110,20,47.2658,22.5,88.7991
250,110,20,45,2.62E-06,100.0554
250,110,20,72.3678,45,94.4839
250,110,20,54.7356,45,95.2595
250,110,56.6667,90,0,155.3097
250,110,56.6667,45,0,153.0682
250,110,56.6667,67.5,3.56E-07,155.2544
250,110,56.6667,68.6329,22.5,151.5236
250,110,56.6667,47.2658,22.5,152.278
250,110,56.6667,90,45,155.1976
250,110,56.6667,72.3678,45,153.3782
250,110,56.6667,54.7356,45,154.3354
250,110,93.3333,90,0,186.2067
250,110,93.3333,45,0,189.2587
250,110,93.3333,67.5,4.35E-06,186.277
250,110,93.3333,68.6329,22.5,192.5053
250,110,93.3333,47.2658,22.5,190.9693
250,110,93.3333,90,45,186.3482
250,110,93.3333,72.3678,45,189.6164
250,110,93.3333,54.7356,45,187.5403
183.3333,150,20,90,0,62.6197
183.3333,150,20,67.5,0,62.5196
183.3333,150,20,45,0,63.337
183.3333,150,20,68.6329,22.5,64.1183
183.3333,150,20,47.2658,22.5,63.8003
183.3333,150,20,90,45,62.647
183.3333,150,20,72.3678,45,63.3055
183.3333,150,20,54.7356,45,62.8537
183.3333,150,56.6667,90,0,102.4642
183.3333,150,56.6667,45,0,106.8669
183.3333,150,56.6667,67.5,1.76E-06,102.5813
183.3333,150,56.6667,68.6329,22.5,119.8254
183.3333,150,56.6667,47.2658,22.5,114.357
183.3333,150,56.6667,45,7.52E-06,102.7097
183.3333,150,56.6667,72.3678,45,110.8377
183.3333,150,56.6667,54.7356,45,103.6556
183.3333,150,93.3333,90,0,126.5556
183.3333,150,93.3333,67.5,0,124.2021
183.3333,150,93.3333,45,0,132.3132
183.3333,150,93.3333,67.5,5.31E-06,126.7441
183.3333,150,93.3333,68.6329,22.5,156.0437
183.3333,150,93.3333,47.2658,22.5,145.8688
183.3333,150,93.3333,45,5.58E-06,126.9542
183.3333,150,93.3333,72.3678,45,141.6745
183.3333,150,130,90,0,144.1009
183.3333,150,130,45,0,150.7623
183.3333,150,130,67.5,2.61E-06,144.3609
183.3333,150,130,68.6329,22.5,182.7862
183.3333,150,130,47.2658,22.5,168.9959
183.3333,150,130,45,5.41E-06,144.6442
183.3333,150,130,72.3678,45,165.0526
183.3333,150,130,54.7356,45,145.8149
250,150,20,90,0,92.178
250,150,20,67.5,0,92.7512
250,150,20,67.5,5.35E-06,92.0215
250,150,20,68.6329,22.5,83.0111
250,150,20,47.2658,22.5,83.9864
250,150,20,45,1.10E-06,91.8642
250,150,20,72.3678,45,87.8581
250,150,20,54.7356,45,89.0082
250,150,56.6667,67.5,0,145.1443
250,150,56.6667,45,0,146.4289
250,150,56.6667,67.5,1.22E-06,145.3413
250,150,56.6667,68.6329,22.5,147.5109
250,150,56.6667,47.2658,22.5,147.033
250,150,56.6667,45,3.76E-06,145.3655
250,150,56.6667,72.3678,45,146.4032
250,150,56.6667,54.7356,45,145.7456
250,150,93.3333,90,0,176.0167
250,150,93.3333,67.5,0,174.9259
250,150,93.3333,45,0,181.4693
250,150,93.3333,67.5,4.93E-07,176.129
250,150,93.3333,68.6329,22.5,189.4362
250,150,93.3333,47.2658,22.5,185.9305
250,150,93.3333,45,6.83E-06,176.2479
250,150,93.3333,72.3678,45,182.9975
250,150,130,90,0,197.7091
250,150,130,67.5,0,195.7632
250,150,130,45,0,205.8503
250,150,130,67.5,1.04E-07,197.8704
250,150,130,68.6329,22.5,220.5387
250,150,130,47.2658,22.5,214.0638
250,150,130,72.3678,45,210.1422
250,150,130,54.7356,45,200.8095
75,30,20,90,0,56.5733
75,30,20,45,0,56.0775
75,30,20,67.5,5.17E-06,56.5606
75,30,20,68.6329,22.5,55.7035
75,30,20,47.2658,22.5,55.8882
75,30,20,45,2.72E-06,56.5474
75,30,20,72.3678,45,56.1179
75,30,20,54.7356,45,56.3519
75,47.1429,20,90,0,51.1693
75,47.1429,20,67.5,0,50.9712
75,47.1429,20,45,0,52.3203
75,47.1429,20,68.6329,22.5,53.7242
75,47.1429,20,47.2658,22.5,53.1127
75,47.1429,20,90,45,51.2181
75,47.1429,20,72.3678,45,52.4402
75,47.1429,20,54.7356,45,51.5954
75,47.1429,38.3333,90,0,67.2401
75,47.1429,38.3333,67.5,0,66.4431
75,47.1429,38.3333,45,0,70.5485
75,47.1429,38.3333,67.5,1.34E-07,67.3054
75,47.1429,38.3333,68.6329,22.5,77.016
75,47.1429,38.3333,47.2658,22.5,74.1695
75,47.1429,38.3333,90,45,67.3777
75,47.1429,38.3333,72.3678,45,72.4612
75,47.1429,38.3333,54.7356,45,68.4514
75,64.2857,20,90,0,38.5623
75,64.2857,20,67.5,0,37.9878
75,64.2857,20,45,0,40.2415
75,64.2857,20,67.5,6.05E-06,38.6127
75,64.2857,20,68.6329,22.5,46.1919
75,64.2857,20,45,7.32E-06,38.6682
75,64.2857,20,72.3678,45,42.1454
75,64.2857,20,54.7356,45,38.9732
100,30,20,90,0,66.9876
100,30,20,67.5,0,67.4353
100,30,20,45,0,63.8886
100,30,20,67.5,5.03E-06,66.8903
100,30,20,68.6329,22.5,62.4098
100,30,20,45,7.12E-06,66.7943
100,30,20,72.3678,45,64.6193
100,30,20,54.7356,45,65.5163
100,47.1429,20,67.5,0,64.3999
100,47.1429,20,45,0,62.8315
100,47.1429,20,67.5,2.68E-06,64.1734
100,47.1429,20,68.6329,22.5,61.9551
100,47.1429,20,47.2658,22.5,62.3799
100,47.1429,20,90,45,64.1391
100,47.1429,20,72.3678,45,63.0753
100,47.1429,20,54.7356,45,63.6183
100,47.1429,38.3333,90,0,83.9256
100,47.1429,38.3333,67.5,0,83.5483
100,47.1429,38.3333,45,0,85.8695
100,47.1429,38.3333,67.5,2.13E-06,83.9682
100,47.1429,38.3333,68.6329,22.5,88.1034
100,47.1429,38.3333,47.2658,22.5,87.0624
100,47.1429,38.3333,45,5.41E-06,84.0125
100,47.1429,38.3333,72.3678,45,86.1723
100,47.1429,38.3333,54.7356,45,84.7525
100,64.2857,20,90,0,58.4117
100,64.2857,20,45,0,58.8561
100,64.2857,20,67.5,5.22E-06,58.4208
100,64.2857,20,68.6329,22.5,59.288
100,64.2857,20,47.2658,22.5,59.1005
100,64.2857,20,45,7.26E-06,58.4304
100,64.2857,20,72.3678,45,58.8378
100,64.2857,20,54.7356,45,58.5778
100,64.2857,38.3333,90,0,77.4782
100,64.2857,38.3333,67.5,0,76.8338
100,64.2857,38.3333,45,0,80.5573
100,64.2857,38.3333,67.5,5.17E-06,77.5421
100,64.2857,38.3333,68.6329,22.5,85.7353
100,64.2857,38.3333,47.2658,22.5,83.4813
100,64.2857,38.3333,90,45,77.6091
100,64.2857,38.3333,72.3678,45,81.7194
100,64.2857,38.3333,54.7356,45,78.583
100,64.2857,56.6667,90,0,90.4816
100,64.2857,56.6667,67.5,0,89.2689
100,64.2857,56.6667,45,0,95.145
100,64.2857,56.6667,67.5,6.08E-06,90.5753
100,64.2857,56.6667,68.6329,22.5,105.1582
100,64.2857,56.6667,47.2658,22.5,100.7649
100,64.2857,56.6667,90,45,90.6781
100,64.2857,56.6667,72.3678,45,98.4173
100,64.2857,56.6667,54.7356,45,92.1708
100,81.4286,20,90,0,47.9721
100,81.4286,20,45,0,49.7358
100,81.4286,20,67.5,2.81E-06,48.0114
100,81.4286,20,68.6329,22.5,53.2454
100,81.4286,20,47.2658,22.5,51.7902
100,81.4286,20,90,45,48.0536
100,81.4286,20,72.3678,45,50.4286
100,81.4286,20,54.7356,45,48.4899
100,81.4286,38.3333,90,0,65.0414
100,81.4286,38.3333,67.5,0,64.0244
100,81.4286,38.3333,45,0,68.109
100,81.4286,38.3333,67.5,1.24E-06,65.1279
100,81.4286,38.3333,68.6329,22.5,78.5453
100,81.4286,38.3333,47.2658,22.5,74.087
100,81.4286,38.3333,90,45,65.2239
100,81.4286,38.3333,72.3678,45,71.6758
100,81.4286,38.3333,54.7356,45,65.8542
100,81.4286,56.6667,90,0,77.0652
100,81.4286,56.6667,67.5,0,75.4531
100,81.4286,56.6667,45,0,80.8581
100,81.4286,56.6667,67.5,2.62E-06,77.1931
100,81.4286,56.6667,68.6329,22.5,97.2379
100,81.4286,56.6667,47.2658,22.5,90.1532
100,81.4286,56.6667,90,45,77.3341
100,81.4286,56.6667,72.3678,45,87.5072
100,81.4286,56.6667,54.7356,45,78.0443
125,30,20,90,0,75.5892
125,30,20,67.5,0,76.3395
125,30,20,45,0,69.8478
125,30,20,67.5,5.96E-06,75.3863
125,30,20,68.6329,22.5,67.9916
125,30,20,47.2658,22.5,69.1957
125,30,20,90,45,75.1895
125,30,20,54.7356,45,72.7867
125,47.1429,20,90,0,73.9447
125,47.1429,20,67.5,0,74.4641
125,47.1429,20,45,0,69.7861
125,47.1429,20,67.5,5.14E-06,73.8251
125,47.1429,20,68.6329,22.5,68.1201
125,47.1429,20,90,45,73.7075
125,47.1429,20,72.3678,45,71.0304
125,47.1429,20,54.7356,45,72.0509
125,47.1429,38.3333,90,0,96.46
125,47.1429,38.3333,67.5,0,96.4784
125,47.1429,38.3333,45,0,96.3569
125,47.1429,38.3333,67.5,3.89E-06,96.4571
125,47.1429,38.3333,68.6329,22.5,96.2719
125,47.1429,38.3333,47.2658,22.5,96.3133
125,47.1429,38.3333,90,45,96.4545
125,47.1429,38.3333,72.3678,45,96.3601
125,47.1429,38.3333,54.7356,45,96.4134
125,64.2857,20,90,0,70.3852
125,64.2857,20,45,0,68.0535
125,64.2857,20,67.5,5.42E-06,70.3304
125,64.2857,20,68.6329,22.5,66.8062
125,64.2857,20,47.2658,22.5,67.4135
125,64.2857,20,45,3.32E-06,70.2751
125,64.2857,20,72.3678,45,68.6275
125,64.2857,20,54.7356,45,69.4051
125,64.2857,38.3333,90,0,92.7833
125,64.2857,38.3333,67.5,0,92.5427
125,64.2857,38.3333,45,0,94.1612
125,64.2857,38.3333,67.5,1.59E-06,92.8135
125,64.2857,38.3333,68.6329,22.5,95.6064
125,64.2857,38.3333,47.2658,22.5,94.9451
125,64.2857,38.3333,45,8.01E-06,92.845
125,64.2857,38.3333,72.3678,45,94.2458
125,64.2857,38.3333,54.7356,45,93.3474
125,64.2857,56.6667,90,0,107.9758
125,64.2857,56.6667,67.5,0,107.1818
125,64.2857,56.6667,45,0,111.72
125,64.2857,56.6667,67.5,4.90E-06,108.0516
125,64.2857,56.6667,68.6329,22.5,116.9397
125,64.2857,56.6667,47.2658,22.5,114.5568
125,64.2857,56.6667,90,45,108.132
125,64.2857,56.6667,72.3678,45,112.8531
125,64.2857,56.6667,54.7356,45,109.5176
125,81.4286,20,90,0,64.5642
125,81.4286,20,67.5,0,64.6162
125,81.4286,20,45,0,64.1694
125,81.4286,20,67.5,4.04E-06,64.5561
125,81.4286,20,68.6329,22.5,63.86
125,81.4286,20,47.2658,22.5,63.9956
125,81.4286,20,72.3678,45,64.2266
125,81.4286,20,54.7356,45,64.4147
125,81.4286,38.3333,90,0,86.1537
125,81.4286,38.3333,67.5,0,85.6473
125,81.4286,38.3333,45,0,88.8407
125,81.4286,38.3333,67.5,3.40E-06,86.2088
125,81.4286,38.3333,68.6329,22.5,92.7531
125,81.4286,38.3333,47.2658,22.5,91.0603
125,81.4286,38.3333,90,45,86.2676
125,81.4286,38.3333,72.3678,45,89.4604
125,81.4286,38.3333,54.7356,45,87.1158
125,81.4286,56.6667,90,0,101.0093
125,81.4286,56.6667,67.5,0,99.9566
125,81.4286,56.6667,45,0,105.5474
125,81.4286,56.6667,67.5,1.33E-06,101.1018
125,81.4286,56.6667,68.6329,22.5,114.2738
125,81.4286,56.6667,47.2658,22.5,110.4736
125,81.4286,56.6667,90,45,101.2019
125,81.4286,56.6667,72.3678,45,107.952
125,81.4286,56.6667,54.7356,45,102.6198
125,81.4286,75,90,0,112.4135
125,81.4286,75,67.5,0,110.8258
125,81.4286,75,45,0,118.2557
125,81.4286,75,67.5,1.98E-06,112.5338
125,81.4286,75,68.6329,22.5,131.4411
125,81.4286,75,47.2658,22.5,125.6688
125,81.4286,75,45,2.04E-06,112.6631
125,81.4286,75,72.3678,45,122.7851
125,81.4286,75,54.7356,45,114.5156
125,98.5714,20,67.5,0,55.2167
125,98.5714,20,45,0,56.756
125,98.5714,20,67.5,2.06E-06,55.4624
125,98.5714,20,68.6329,22.5,58.5795
125,98.5714,20,47.2658,22.5,57.8269
125,98.5714,20,90,45,55.4904
125,98.5714,20,72.3678,45,56.8971
125,98.5714,20,54.7356,45,55.8589
125,98.5714,38.3333,90,0,75.1889
125,98.5714,38.3333,67.5,0,74.3558
125,98.5714,38.3333,45,0,78.472
125,98.5714,38.3333,67.5,3.67E-06,75.2678
125,98.5714,38.3333,68.6329,22.5,86.589
125,98.5714,38.3333,47.2658,22.5,83.1612
125,98.5714,38.3333,90,45,75.3522
125,98.5714,38.3333,72.3678,45,80.7053
125,98.5714,38.3333,54.7356,45,76.142
125,98.5714,56.6667,90,0,89.118
125,98.5714,56.6667,67.5,0,87.7093
125,98.5714,56.6667,45,0,93.4539
125,98.5714,56.6667,67.5,5.44E-06,89.2349
125,98.5714,56.6667,68.6329,22.5,107.5731
125,98.5714,56.6667,47.2658,22.5,101.529
125,98.5714,56.6667,45,7.17E-06,89.3638
125,98.5714,56.6667,72.3678,45,98.4389
125,98.5714,56.6667,54.7356,45,90.334
125,98.5714,75,90,0,99.9869
125,98.5714,75,67.5,0,98.0324
125,98.5714,75,45,0,105.0583
125,98.5714,75,67.5,1.43E-06,100.1396
125,98.5714,75,68.6329,22.5,124.3616
125,98.5714,75,47.2658,22.5,116.0415
125,98.5714,75,90,45,100.3084
125,98.5714,75,72.3678,45,112.8064
125,98.5714,75,54.7356,45,101.408
125,115.7143,20,67.5,0,38.4615
125,115.7143,20,45,0,40.5331
125,115.7143,20,67.5,4.26E-06,39.2345
125,115.7143,20,68.6329,22.5,47.7071
125,115.7143,20,47.2658,22.5,44.6396
125,115.7143,20,45,7.99E-06,39.2975
125,115.7143,20,72.3678,45,43.018
125,115.7143,20,54.7356,45,39.434
150,47.1429,38.3333,90,0,106.8996
150,47.1429,38.3333,67.5,0,107.2787
150,47.1429,38.3333,45,0,104.567
150,47.1429,38.3333,67.5,2.62E-06,106.8308
150,47.1429,38.3333,68.6329,22.5,103.0797
150,47.1429,38.3333,47.2658,22.5,103.8646
150,47.1429,38.3333,45,2.94E-06,106.7623
150,47.1429,38.3333,72.3678,45,104.8734
150,47.1429,38.3333,54.7356,45,105.7984
150,64.2857,38.3333,90,0,104.5875
150,64.2857,38.3333,67.5,0,104.7185
150,64.2857,38.3333,45,0,103.7662
150,64.2857,38.3333,67.5,1.27E-06,104.5673
150,64.2857,38.3333,68.6329,22.5,103.1428
150,64.2857,38.3333,47.2658,22.5,103.446
150,64.2857,38.3333,45,3.46E-06,104.5463
150,64.2857,38.3333,72.3678,45,103.8395
150,64.2857,38.3333,54.7356,45,104.2281
150,64.2857,56.6667,90,0,121.5264
150,64.2857,56.6667,67.5,0,121.1217
150,64.2857,56.6667,45,0,123.6256
150,64.2857,56.6667,67.5,4.63E-06,121.5754
150,64.2857,56.6667,68.6329,22.5,125.8423
150,64.2857,56.6667,47.2658,22.5,124.7851
150,64.2857,56.6667,90,45,121.6256
150,64.2857,56.6667,72.3678,45,123.8704
150,64.2857,56.6667,54.7356,45,122.4517
150,81.4286,38.3333,90,0,100.3382
150,81.4286,38.3333,67.5,0,100.2198
150,81.4286,38.3333,45,0,101.0683
150,81.4286,38.3333,67.5,4.83E-06,100.3543
150,81.4286,38.3333,68.6329,22.5,101.764
150,81.4286,38.3333,47.2658,22.5,101.449
150,81.4286,38.3333,90,45,100.3713
150,81.4286,38.3333,72.3678,45,101.0589
150,81.4286,38.3333,54.7356,45,100.6318
150,81.4286,56.6667,90,0,117.2124
150,81.4286,56.6667,67.5,0,116.5604
150,81.4286,56.6667,45,0,120.5431
150,81.4286,56.6667,67.5,2.30E-06,117.282
150,81.4286,56.6667,68.6329,22.5,124.8818
150,81.4286,56.6667,47.2658,22.5,122.9263
150,81.4286,56.6667,45,2.95E-06,117.355
150,81.4286,56.6667,72.3678,45,121.2557
150,81.4286,56.6667,54.7356,45,118.5416
150,81.4286,75,90,0,130.1031
150,81.4286,75,67.5,0,128.9337
150,81.4286,75,45,0,135.2926
150,81.4286,75,67.5,1.84E-06,130.2057
150,81.4286,75,68.6329,22.5,143.4295
150,81.4286,75,47.2658,22.5,139.7593
150,81.4286,75,45,5.38E-06,130.3148
150,81.4286,75,72.3678,45,137.4057
150,81.4286,75,54.7356,45,132.1957
150,98.5714,38.3333,90,0,93.735
150,98.5714,38.3333,67.5,0,93.3597
150,98.5714,38.3333,45,0,95.9076
150,98.5714,38.3333,67.5,3.67E-06,93.7796
150,98.5714,38.3333,68.6329,22.5,98.6722
150,98.5714,38.3333,47.2658,22.5,97.4812
150,98.5714,38.3333,45,3.44E-06,93.8263
150,98.5714,38.3333,72.3678,45,96.1692
150,98.5714,38.3333,54.7356,45,94.5174
150,98.5714,56.6667,90,0,110.2064
150,98.5714,56.6667,67.5,0,109.2993
150,98.5714,56.6667,45,0,114.495
150,98.5714,56.6667,67.5,4.56E-06,110.2954
150,98.5714,56.6667,68.6329,22.5,121.9025
150,98.5714,56.6667,47.2658,22.5,118.6958
150,98.5714,56.6667,90,45,110.3901
150,98.5714,56.6667,72.3678,45,116.1922
150,98.5714,56.6667,54.7356,45,111.7203
150,98.5714,75,90,0,122.8953
150,98.5714,75,67.5,0,121.4707
150,98.5714,75,45,0,128.6574
150,98.5714,75,67.5,1.07E-06,123.0129
150,98.5714,75,68.6329,22.5,140.572
150,98.5714,75,47.2658,22.5,135.3859
150,98.5714,75,90,45,123.1421
150,98.5714,75,72.3678,45,132.2693
150,98.5714,75,54.7356,45,124.9314
150,98.5714,93.3333,90,0,133.2379
150,98.5714,93.3333,67.5,0,131.3077
150,98.5714,93.3333,45,0,140.1201
150,98.5714,93.3333,67.5,1.72E-07,133.3804
150,98.5714,93.3333,68.6329,22.5,156.1436
150,98.5714,93.3333,47.2658,22.5,149.1444
150,98.5714,93.3333,45,4.20E-06,133.5354
150,98.5714,93.3333,72.3678,45,145.7978
150,98.5714,93.3333,54.7356,45,135.7049
150,115.7143,38.3333,90,0,83.8159
150,115.7143,38.3333,67.5,0,83.1441
150,115.7143,38.3333,45,0,86.9714
150,115.7143,38.3333,67.5,1.14E-06,83.8856
150,115.7143,38.3333,68.6329,22.5,93.1415
150,115.7143,38.3333,47.2658,22.5,90.5561
150,115.7143,38.3333,90,45,83.96
150,115.7143,38.3333,72.3678,45,88.2848
150,115.7143,38.3333,54.7356,45,84.7869
150,115.7143,56.6667,90,0,99.4061
150,115.7143,56.6667,67.5,0,98.171
150,115.7143,56.6667,45,0,103.9555
150,115.7143,56.6667,67.5,5.03E-06,99.5158
150,115.7143,56.6667,68.6329,22.5,115.9507
150,115.7143,56.6667,47.2658,22.5,110.8521
150,115.7143,56.6667,45,6.80E-06,99.6361
150,115.7143,56.6667,72.3678,45,107.6257
150,115.7143,56.6667,54.7356,45,100.7479
150,115.7143,75,90,0,111.5784
150,115.7143,75,67.5,0,109.8145
150,115.7143,75,45,0,117.0587
150,115.7143,75,67.5,5.09E-06,111.7213
150,115.7143,75,68.6329,22.5,134.329
150,115.7143,75,47.2658,22.5,126.929
150,115.7143,75,90,45,111.8786
150,115.7143,75,72.3678,45,123.2876
150,115.7143,75,54.7356,45,113.1758
150,115.7143,93.3333,90,0,121.597
150,115.7143,93.3333,67.5,0,119.3236
150,115.7143,93.3333,45,0,127.7885
150,115.7143,93.3333,67.5,2.36E-06,121.7724
150,115.7143,93.3333,68.6329,22.5,149.6827
150,115.7143,93.3333,47.2658,22.5,140.2655
150,115.7143,93.3333,90,45,121.9663
150,115.7143,93.3333,72.3678,45,136.5434
150,115.7143,93.3333,54.7356,45,123.4141
150,115.7143,111.6667,90,0,130.1292
150,115.7143,111.6667,67.5,0,127.3511
150,115.7143,111.6667,45,0,136.9039
150,115.7143,111.6667,67.5,2.47E-06,130.3357
150,115.7143,111.6667,68.6329,22.5,162.8318
150,115.7143,111.6667,90,45,130.5652
150,115.7143,111.6667,72.3678,45,148.0849
150,115.7143,111.6667,54.7356,45,132.1555
150,132.8571,38.3333,90,0,67.9701
150,132.8571,38.3333,67.5,0,66.794
150,132.8571,38.3333,45,0,70.6193
150,132.8571,38.3333,68.6329,22.5,82.7333
150,132.8571,38.3333,47.2658,22.5,77.5608
150,132.8571,38.3333,90,45,68.1746
150,132.8571,38.3333,72.3678,45,74.8785
150,132.8571,38.3333,54.7356,45,68.5368
150,132.8571,56.6667,90,0,81.8639
150,132.8571,56.6667,67.5,0,79.9933
150,132.8571,56.6667,45,0,84.8646
150,132.8571,56.6667,68.6329,22.5,103.9055
150,132.8571,56.6667,47.2658,22.5,95.6055
150,132.8571,56.6667,90,45,82.1705
150,132.8571,56.6667,72.3678,45,92.637
150,132.8571,56.6667,54.7356,45,82.3984
175,47.1429,38.3333,90,0,116.0169
175,47.1429,38.3333,67.5,0,116.718
175,47.1429,38.3333,45,0,111.4118
175,47.1429,38.3333,67.5,3.05E-06,115.8675
175,47.1429,38.3333,68.6329,22.5,109.0529
175,47.1429,38.3333,47.2658,22.5,110.3813
175,47.1429,38.3333,45,1.15E-06,115.7201
175,47.1429,38.3333,72.3678,45,112.363
175,47.1429,38.3333,54.7356,45,113.7919
175,64.2857,38.3333,90,0,114.4957
175,64.2857,38.3333,67.5,0,114.9631
175,64.2857,38.3333,45,0,111.3434
175,64.2857,38.3333,67.5,1.86E-06,114.4077
175,64.2857,38.3333,68.6329,22.5,109.4945
175,64.2857,38.3333,47.2658,22.5,110.4547
175,64.2857,38.3333,90,45,114.3188
175,64.2857,38.3333,72.3678,45,111.9177
175,64.2857,38.3333,54.7356,45,113.0595
175,64.2857,56.6667,90,0,132.9122
175,64.2857,56.6667,67.5,0,132.8748
175,64.2857,56.6667,45,0,133.1173
175,64.2857,56.6667,67.5,2.61E-06,132.9174
175,64.2857,56.6667,68.6329,22.5,133.2922
175,64.2857,56.6667,47.2658,22.5,133.2056
175,64.2857,56.6667,45,5.21E-06,132.9218
175,64.2857,56.6667,72.3678,45,133.117
175,64.2857,56.6667,54.7356,45,133.0062
175,81.4286,38.3333,90,0,111.5373
175,81.4286,38.3333,67.5,0,111.7714
175,81.4286,38.3333,45,0,109.9508
175,81.4286,38.3333,67.5,2.76E-06,111.4987
175,81.4286,38.3333,68.6329,22.5,108.8461
175,81.4286,38.3333,47.2658,22.5,109.3776
175,81.4286,38.3333,45,7.54E-06,111.4595
175,81.4286,38.3333,72.3678,45,110.1743
175,81.4286,38.3333,54.7356,45,110.8586
175,81.4286,56.6667,90,0,130.0322
175,81.4286,56.6667,67.5,0,129.7541
175,81.4286,56.6667,45,0,131.5857
175,81.4286,56.6667,67.5,4.21E-06,130.0677
175,81.4286,56.6667,68.6329,22.5,133.1379
175,81.4286,56.6667,47.2658,22.5,132.4098
175,81.4286,56.6667,90,45,130.1042
175,81.4286,56.6667,72.3678,45,131.6708
175,81.4286,56.6667,54.7356,45,130.6943
175,81.4286,75,90,0,144.1386
175,81.4286,75,67.5,0,143.3495
175,81.4286,75,45,0,147.9831
175,81.4286,75,67.5,3.72E-06,144.221
175,81.4286,75,68.6329,22.5,152.694
175,81.4286,75,47.2658,22.5,150.4962
175,81.4286,75,45,3.32E-06,144.307
175,81.4286,75,72.3678,45,148.8253
175,81.4286,75,54.7356,45,145.791
175,98.5714,38.3333,90,0,106.9874
175,98.5714,38.3333,67.5,0,106.9831
175,98.5714,38.3333,45,0,107.0088
175,98.5714,38.3333,67.5,4.85E-06,106.9877
175,98.5714,38.3333,68.6329,22.5,107.028
175,98.5714,38.3333,47.2658,22.5,107.0202
175,98.5714,38.3333,90,45,106.9879
175,98.5714,38.3333,72.3678,45,107.008
175,98.5714,38.3333,54.7356,45,106.9961
175,98.5714,56.6667,90,0,125.3306
175,98.5714,56.6667,67.5,0,124.8097
175,98.5714,56.6667,45,0,128.1778
175,98.5714,56.6667,67.5,3.70E-06,125.3913
175,98.5714,56.6667,68.6329,22.5,131.6296
175,98.5714,56.6667,47.2658,22.5,130.0871
175,98.5714,56.6667,45,4.02E-06,125.4536
175,98.5714,56.6667,72.3678,45,128.5774
175,98.5714,56.6667,54.7356,45,126.4463
175,98.5714,75,90,0,139.394
175,98.5714,75,67.5,0,138.3743
175,98.5714,75,45,0,144.2606
175,98.5714,75,67.5,9.81E-07,139.4935
175,98.5714,75,68.6329,22.5,151.4715
175,98.5714,75,47.2658,22.5,148.2492
175,98.5714,75,45,5.23E-06,139.5985
175,98.5714,75,72.3678,45,145.8374
175,98.5714,75,54.7356,45,141.3028
175,98.5714,93.3333,90,0,150.8121
175,98.5714,93.3333,67.5,0,149.3005
175,98.5714,93.3333,45,0,157.2149
175,98.5714,93.3333,67.5,5.87E-06,150.937
175,98.5714,93.3333,68.6329,22.5,168.0785
175,98.5714,93.3333,47.2658,22.5,163.2164
175,98.5714,93.3333,45,2.54E-06,151.071
175,98.5714,93.3333,72.3678,45,160.3216
175,98.5714,93.3333,54.7356,45,153.3531
175,115.7143,38.3333,90,0,100.5027
175,115.7143,38.3333,67.5,0,100.2516
175,115.7143,38.3333,45,0,102.0701
175,115.7143,38.3333,67.5,4.78E-06,100.5346
175,115.7143,38.3333,68.6329,22.5,103.8273
175,115.7143,38.3333,47.2658,22.5,103.0713
175,115.7143,38.3333,90,45,100.5683
175,115.7143,38.3333,72.3678,45,102.1225
175,115.7143,38.3333,54.7356,45,101.0721
175,115.7143,56.6667,90,0,118.4054
175,115.7143,56.6667,67.5,0,117.632
175,115.7143,56.6667,45,0,122.3445
175,115.7143,56.6667,67.5,2.32E-06,118.4868
175,115.7143,56.6667,68.6329,22.5,128.4863
175,115.7143,56.6667,47.2658,22.5,125.8381
175,115.7143,56.6667,45,1.30E-06,118.5728
175,115.7143,56.6667,72.3678,45,123.4783
175,115.7143,56.6667,54.7356,45,119.7969
175,115.7143,75,90,0,132.2356
175,115.7143,75,67.5,0,130.9624
175,115.7143,75,45,0,137.8176
175,115.7143,75,67.5,3.92E-06,132.3509
175,115.7143,75,68.6329,22.5,148.4179
175,115.7143,75,47.2658,22.5,143.828
175,115.7143,75,90,45,132.4756
175,115.7143,75,72.3678,45,140.6426
175,115.7143,75,54.7356,45,134.1936
175,115.7143,93.3333,90,0,143.5245
175,115.7143,93.3333,67.5,0,141.7651
175,115.7143,93.3333,45,0,150.3495
175,115.7143,93.3333,67.5,4.07E-06,143.6653
175,115.7143,93.3333,68.6329,22.5,165.1139
175,115.7143,93.3333,47.2658,22.5,158.6939
175,115.7143,93.3333,45,1.19E-06,143.8188
175,115.7143,93.3333,72.3678,45,155.0836
175,115.7143,93.3333,54.7356,45,145.9311
175,115.7143,111.6667,90,0,153.0702
175,115.7143,111.6667,67.5,0,150.8299
175,115.7143,111.6667,45,0,160.8809
175,115.7143,111.6667,67.5,5.22E-06,153.2314
175,115.7143,111.6667,68.6329,22.5,179.4387
175,115.7143,111.6667,47.2658,22.5,171.3497
175,115.7143,111.6667,90,45,153.411
175,115.7143,111.6667,72.3678,45,167.5975
175,115.7143,111.6667,54.7356,45,155.8633
175,132.8571,38.3333,90,0,91.3855
175,132.8571,38.3333,67.5,0,90.8582
175,132.8571,38.3333,45,0,94.1989
175,132.8571,38.3333,67.5,4.47E-06,91.4443
175,132.8571,38.3333,68.6329,22.5,98.7357
175,132.8571,38.3333,47.2658,22.5,96.8398
175,132.8571,38.3333,45,6.80E-06,91.5064
175,132.8571,38.3333,72.3678,45,94.884
175,132.8571,38.3333,54.7356,45,92.2875
175,132.8571,56.6667,90,0,108.4464
175,132.8571,56.6667,67.5,0,107.3713
175,132.8571,56.6667,45,0,112.9753
175,132.8571,56.6667,67.5,9.10E-07,108.5488
175,132.8571,56.6667,68.6329,22.5,123.0487
175,132.8571,56.6667,47.2658,22.5,118.7903
175,132.8571,56.6667,90,45,108.6613
175,132.8571,56.6667,72.3678,45,115.616
175,132.8571,56.6667,54.7356,45,109.8335
175,132.8571,75,90,0,121.7792
175,132.8571,75,67.5,0,120.1845
175,132.8571,75,45,0,127.4465
175,132.8571,75,67.5,3.62E-06,121.9159
175,132.8571,75,68.6329,22.5,142.7499
175,132.8571,75,47.2658,22.5,136.2247
175,132.8571,75,90,45,122.0664
175,132.8571,75,72.3678,45,132.4003
175,132.8571,75,54.7356,45,123.4814
175,132.8571,93.3333,90,0,132.755
175,132.8571,93.3333,67.5,0,130.6669
175,132.8571,93.3333,45,0,139.2645
175,132.8571,93.3333,67.5,3.21E-06,132.9207
175,132.8571,93.3333,68.6329,22.5,159.2779
175,132.8571,93.3333,47.2658,22.5,150.7033
175,132.8571,93.3333,45,1.04E-06,133.1048
175,132.8571,93.3333,72.3678,45,146.5978
175,132.8571,93.3333,54.7356,45,134.706
175,132.8571,111.6667,90,0,142.094
175,132.8571,111.6667,67.5,0,139.5276
175,132.8571,111.6667,45,0,149.2802
175,132.8571,111.6667,67.5,5.47E-06,142.289
175,132.8571,111.6667,68.6329,22.5,173.4745
175,132.8571,111.6667,47.2658,22.5,163.0824
175,132.8571,111.6667,90,45,142.5056
175,132.8571,111.6667,72.3678,45,158.9443
175,132.8571,130,90,0,150.2315
175,132.8571,130,67.5,0,147.1904
175,132.8571,130,67.5,7.18E-07,150.4555
175,132.8571,130,68.6329,22.5,185.8835
175,132.8571,130,47.2658,22.5,173.889
175,132.8571,130,90,45,150.7042
175,132.8571,130,72.3678,45,169.8976
175,132.8571,130,54.7356,45,152.619
175,150,38.3333,90,0,78.004
175,150,38.3333,67.5,0,77.0854
175,150,38.3333,45,0,81.145
175,150,38.3333,67.5,4.16E-06,78.0893
175,150,38.3333,47.2658,22.5,86.5157
175,150,38.3333,45,3.43E-06,78.1825
175,150,38.3333,72.3678,45,83.7523
175,150,38.3333,54.7356,45,78.8116
175,150,56.6667,90,0,93.6036
175,150,56.6667,67.5,0,92.0498
175,150,56.6667,67.5,2.62E-06,93.7325
175,150,56.6667,68.6329,22.5,113.5272
175,150,56.6667,47.2658,22.5,106.6893
175,150,56.6667,90,45,93.877
175,150,56.6667,72.3678,45,103.1884
175,150,56.6667,54.7356,45,94.5099
175,150,75,67.5,0,103.8821
175,150,75,45,0,110.3824
175,150,75,67.5,1.95E-06,106.1963
175,150,75,68.6329,22.5,132.3653
175,150,75,47.2658,22.5,122.8858
175,150,75,45,6.83E-06,106.3869
175,150,75,72.3678,45,119.1396
175,150,75,54.7356,45,106.9739
200,47.1429,38.3333,90,0,124.1979
200,47.1429,38.3333,67.5,0,125.1864
200,47.1429,38.3333,45,0,117.3233
200,47.1429,38.3333,67.5,8.76E-07,123.9588
200,47.1429,38.3333,68.6329,22.5,114.4476
200,47.1429,38.3333,47.2658,22.5,116.1822
200,47.1429,38.3333,45,5.22E-06,123.7236
200,47.1429,38.3333,72.3678,45,119.1348
200,47.1429,38.3333,54.7356,45,120.8267
200,64.2857,38.3333,90,0,123.1779
200,64.2857,38.3333,67.5,0,123.9459
200,64.2857,38.3333,45,0,117.6778
200,64.2857,38.3333,67.5,1.55E-06,123.01
200,64.2857,38.3333,68.6329,22.5,115.1004
200,64.2857,38.3333,47.2658,22.5,116.5337
200,64.2857,38.3333,45,5.82E-06,122.8432
200,64.2857,38.3333,72.3678,45,119.0414
200,64.2857,38.3333,54.7356,45,120.603
200,64.2857,56.6667,90,0,142.8861
200,64.2857,56.6667,67.5,0,143.1901
200,64.2857,56.6667,45,0,141.102
200,64.2857,56.6667,67.5,1.42E-06,142.8354
200,64.2857,56.6667,68.6329,22.5,139.8339
200,64.2857,56.6667,47.2658,22.5,140.4925
200,64.2857,56.6667,45,2.74E-06,142.7839
200,64.2857,56.6667,72.3678,45,141.2498
200,64.2857,56.6667,54.7356,45,142.046
200,81.4286,38.3333,90,0,121.0195
200,81.4286,38.3333,67.5,0,121.5683
200,81.4286,38.3333,45,0,117.0257
200,81.4286,38.3333,67.5,2.58E-06,120.913
200,81.4286,38.3333,68.6329,22.5,114.8753
200,81.4286,38.3333,47.2658,22.5,115.9823
200,81.4286,38.3333,45,5.15E-06,120.8046
200,81.4286,38.3333,72.3678,45,117.9153
200,81.4286,38.3333,54.7356,45,119.2403
200,81.4286,56.6667,90,0,140.8858
200,81.4286,56.6667,67.5,0,140.9575
200,81.4286,56.6667,45,0,140.463
200,81.4286,56.6667,67.5,5.94E-06,140.8751
200,81.4286,56.6667,68.6329,22.5,140.122
200,81.4286,56.6667,47.2658,22.5,140.2886
200,81.4286,56.6667,45,5.38E-06,140.8647
200,81.4286,56.6667,72.3678,45,140.484
200,81.4286,56.6667,54.7356,45,140.6986
200,81.4286,75,90,0,156.0338
200,81.4286,75,67.5,0,155.6071
200,81.4286,75,45,0,158.2476
200,81.4286,75,67.5,4.30E-06,156.086
200,81.4286,75,68.6329,22.5,160.4926
200,81.4286,75,47.2658,22.5,159.4113
200,81.4286,75,45,3.37E-06,156.1398
200,81.4286,75,72.3678,45,158.4686
200,81.4286,75,54.7356,45,157.0261
200,98.5714,38.3333,90,0,117.663
200,98.5714,38.3333,67.5,0,117.9898
200,98.5714,38.3333,45,0,115.2736
200,98.5714,38.3333,67.5,2.81E-06,117.6054
200,98.5714,38.3333,68.6329,22.5,113.7545
200,98.5714,38.3333,47.2658,22.5,114.484
200,98.5714,38.3333,90,45,117.547
200,98.5714,38.3333,72.3678,45,115.7148
200,98.5714,38.3333,54.7356,45,116.6544
200,98.5714,56.6667,90,0,137.5212
200,98.5714,56.6667,67.5,0,137.3587
200,98.5714,56.6667,45,0,138.4834
200,98.5714,56.6667,67.5,1.67E-06,137.543
200,98.5714,56.6667,68.6329,22.5,139.386
200,98.5714,56.6667,47.2658,22.5,138.9673
200,98.5714,56.6667,90,45,137.5654
200,98.5714,56.6667,72.3678,45,138.484
200,98.5714,56.6667,54.7356,45,137.9224
200,98.5714,75,90,0,152.7168
200,98.5714,75,67.5,0,152.0609
200,98.5714,75,45,0,156.1166
200,98.5714,75,67.5,1.57E-06,152.7906
200,98.5714,75,68.6329,22.5,160.1023
200,98.5714,75,47.2658,22.5,158.2656
200,98.5714,75,45,7.33E-06,152.8674
200,98.5714,75,72.3678,45,156.6612
200,98.5714,75,54.7356,45,154.1369
200,98.5714,93.3333,90,0,165.0296
200,98.5714,93.3333,67.5,0,163.8932
200,98.5714,93.3333,45,0,170.3119
200,98.5714,93.3333,67.5,5.10E-06,165.1371
200,98.5714,93.3333,68.6329,22.5,177.4865
200,98.5714,93.3333,47.2658,22.5,174.1854
200,98.5714,93.3333,90,45,165.2516
200,98.5714,93.3333,72.3678,45,171.8932
200,98.5714,93.3333,54.7356,45,167.2563
200,115.7143,38.3333,90,0,112.9622
200,115.7143,38.3333,67.5,0,113.0646
200,115.7143,38.3333,45,0,112.2293
200,115.7143,38.3333,67.5,1.57E-08,112.9462
200,115.7143,38.3333,68.6329,22.5,111.6605
200,115.7143,38.3333,47.2658,22.5,111.9167
200,115.7143,38.3333,90,45,112.9306
200,115.7143,38.3333,72.3678,45,112.3226
200,115.7143,38.3333,54.7356,45,112.6718
200,115.7143,56.6667,90,0,132.6094
200,115.7143,56.6667,67.5,0,132.2113
200,115.7143,56.6667,45,0,134.9189
200,115.7143,56.6667,67.5,2.82E-06,132.6583
200,115.7143,56.6667,68.6329,22.5,137.5211
200,115.7143,56.6667,47.2658,22.5,136.3653
200,115.7143,56.6667,45,7.49E-06,132.7088
200,115.7143,56.6667,72.3678,45,135.098
200,115.7143,56.6667,54.7356,45,133.5047
200,115.7143,75,90,0,147.72
200,115.7143,75,67.5,0,146.8338
200,115.7143,75,45,0,152.2026
200,115.7143,75,67.5,5.44E-06,147.8134
200,115.7143,75,68.6329,22.5,158.4659
200,115.7143,75,47.2658,22.5,155.6853
200,115.7143,75,90,45,147.9102
200,115.7143,75,72.3678,45,153.3354
200,115.7143,75,54.7356,45,149.4486
200,115.7143,93.3333,90,0,160.0071
200,115.7143,93.3333,67.5,0,158.6482
200,115.7143,93.3333,45,0,166.14
200,115.7143,93.3333,67.5,3.63E-06,160.1294
200,115.7143,93.3333,68.6329,22.5,176.0532
200,115.7143,93.3333,47.2658,22.5,171.6485
200,115.7143,93.3333,90,45,160.2604
200,115.7143,93.3333,72.3678,45,168.6405
200,115.7143,93.3333,54.7356,45,162.3828
200,115.7143,111.6667,90,0,170.3612
200,115.7143,111.6667,67.5,0,168.5373
200,115.7143,111.6667,45,0,177.8045
200,115.7143,111.6667,67.5,3.13E-06,170.5054
200,115.7143,111.6667,68.6329,22.5,191.1784
200,115.7143,111.6667,47.2658,22.5,185.2283
200,115.7143,111.6667,45,4.63E-06,170.6613
200,115.7143,111.6667,72.3678,45,181.8708
200,115.7143,111.6667,54.7356,45,173.2772
200,132.8571,38.3333,90,0,106.6393
200,132.8571,38.3333,67.5,0,106.5056
200,132.8571,38.3333,45,0,107.5299
200,132.8571,38.3333,67.5,1.78E-06,106.6572
200,132.8571,38.3333,68.6329,22.5,108.4169
200,132.8571,38.3333,47.2658,22.5,108.0349
200,132.8571,38.3333,90,45,106.6755
200,132.8571,38.3333,72.3678,45,107.4972
200,132.8571,38.3333,54.7356,45,106.9661
200,132.8571,56.6667,90,0,125.8211
200,132.8571,56.6667,67.5,0,125.1753
200,132.8571,56.6667,45,0,129.3315
200,132.8571,56.6667,67.5,1.64E-07,125.8932
200,132.8571,56.6667,68.6329,22.5,134.2973
200,132.8571,56.6667,47.2658,22.5,132.1613
200,132.8571,56.6667,45,5.39E-06,125.9698
200,132.8571,56.6667,72.3678,45,130.033
200,132.8571,56.6667,54.7356,45,127.0667
200,132.8571,75,90,0,140.679
200,132.8571,75,67.5,0,139.5447
200,132.8571,75,45,0,146.0025
200,132.8571,75,67.5,3.62E-06,140.7893
200,132.8571,75,68.6329,22.5,155.3092
200,132.8571,75,47.2658,22.5,151.293
200,132.8571,75,90,45,140.9074
200,132.8571,75,72.3678,45,148.1596
200,132.8571,75,54.7356,45,142.5418
200,132.8571,93.3333,90,0,152.8211
200,132.8571,93.3333,67.5,0,151.2155
200,132.8571,93.3333,45,0,159.5033
200,132.8571,93.3333,67.5,1.03E-06,152.96
200,132.8571,93.3333,68.6329,22.5,172.9716
200,132.8571,93.3333,47.2658,22.5,167.1384
200,132.8571,93.3333,90,45,153.1103
200,132.8571,93.3333,72.3678,45,163.4107
200,132.8571,93.3333,54.7356,45,155.1588
200,132.8571,111.6667,90,0,163.0928
200,132.8571,111.6667,67.5,0,161.0264
200,132.8571,111.6667,45,0,170.8532
200,132.8571,111.6667,67.5,5.29E-06,163.2539
200,132.8571,111.6667,68.6329,22.5,188.1658
200,132.8571,111.6667,47.2658,22.5,180.6469
200,132.8571,111.6667,90,45,163.4299
200,132.8571,111.6667,72.3678,45,176.619
200,132.8571,111.6667,54.7356,45,165.8269
200,132.8571,130,90,0,171.9946
200,132.8571,130,67.5,0,169.4736
200,132.8571,130,45,0,180.6366
200,132.8571,130,67.5,2.81E-06,172.1756
200,132.8571,130,68.6329,22.5,201.463
200,132.8571,130,47.2658,22.5,192.4037
200,132.8571,130,90,45,172.3763
200,132.8571,130,72.3678,45,188.2949
200,150,38.3333,90,0,98.1639
200,150,38.3333,67.5,0,97.771
200,150,38.3333,45,0,100.4845
200,150,38.3333,67.5,4.19E-06,98.2105
200,150,38.3333,47.2658,22.5,102.3329
200,150,38.3333,90,45,98.2596
200,150,38.3333,72.3678,45,100.7653
200,150,38.3333,54.7356,45,98.9317
200,150,56.6667,90,0,116.543
200,150,56.6667,45,0,120.8832
200,150,56.6667,67.5,3.92E-06,116.6385
200,150,56.6667,68.6329,22.5,129.2402
200,150,56.6667,47.2658,22.5,125.7221
200,150,56.6667,45,1.23E-06,116.7406
200,150,56.6667,72.3678,45,122.7215
200,150,56.6667,54.7356,45,117.9133
200,150,93.3333,90,0,142.7598
200,150,93.3333,67.5,0,140.8406
200,150,93.3333,45,0,149.4258
200,150,93.3333,67.5,4.11E-06,142.9188
200,150,93.3333,68.6329,22.5,167.5957
200,150,93.3333,47.2658,22.5,159.8371
200,150,93.3333,45,3.27E-06,143.0955
200,150,93.3333,54.7356,45,144.7947
200,150,111.6667,90,0,152.8314
200,150,111.6667,45,0,160.2687
200,150,111.6667,67.5,2.39E-06,153.0178
200,150,111.6667,68.6329,22.5,182.6919
200,150,111.6667,47.2658,22.5,173.0881
200,150,111.6667,45,2.63E-06,153.2253
200,150,111.6667,72.3678,45,168.587
200,150,111.6667,54.7356,45,155.1089
200,150,130,90,0,161.6007
200,150,130,67.5,0,158.7669
200,150,130,45,0,169.6763
200,150,130,67.5,5.72E-06,161.8144
200,150,130,47.2658,22.5,184.6566
200,150,130,90,45,162.0511
200,150,130,72.3678,45,180.1603
200,150,130,54.7356,45,164.0994
225,47.1429,38.3333,90,0,131.6674
225,47.1429,38.3333,67.5,0,132.9112
225,47.1429,38.3333,45,0,122.5485
225,47.1429,38.3333,67.5,2.37E-06,131.3327
225,47.1429,38.3333,68.6329,22.5,119.4016
225,47.1429,38.3333,47.2658,22.5,121.4472
225,47.1429,38.3333,90,45,131.0079
225,47.1429,38.3333,72.3678,45,125.3625
225,47.1429,38.3333,54.7356,45,127.1518
225,64.2857,38.3333,90,0,130.9835
225,64.2857,38.3333,67.5,0,132.0203
225,64.2857,38.3333,45,0,123.1559
225,64.2857,38.3333,67.5,3.70E-06,130.729
225,64.2857,38.3333,68.6329,22.5,120.179
225,64.2857,38.3333,47.2658,22.5,121.9649
225,64.2857,38.3333,45,5.58E-06,130.4788
225,64.2857,38.3333,72.3678,45,125.492
225,64.2857,38.3333,54.7356,45,127.2534
225,64.2857,56.6667,90,0,151.8452
225,64.2857,56.6667,67.5,0,152.4617
225,64.2857,56.6667,45,0,148.0419
225,64.2857,56.6667,67.5,5.94E-06,151.7287
225,64.2857,56.6667,68.6329,22.5,145.7362
225,64.2857,56.6667,47.2658,22.5,146.9852
225,64.2857,56.6667,45,6.79E-06,151.611
225,64.2857,56.6667,72.3678,45,148.5943
225,64.2857,56.6667,54.7356,45,150.0198
225,81.4286,38.3333,90,0,129.3613
225,81.4286,38.3333,67.5,0,130.1892
225,81.4286,38.3333,45,0,122.962
225,81.4286,38.3333,67.5,5.11E-08,129.1754
225,81.4286,38.3333,68.6329,22.5,120.2213
225,81.4286,38.3333,47.2658,22.5,121.7414
225,81.4286,38.3333,90,45,128.9915
225,81.4286,38.3333,72.3678,45,124.7646
225,81.4286,38.3333,54.7356,45,126.4316
225,81.4286,56.6667,90,0,150.4293
225,81.4286,56.6667,67.5,0,150.8224
225,81.4286,56.6667,45,0,147.956
225,81.4286,56.6667,67.5,5.18E-06,150.361
225,81.4286,56.6667,68.6329,22.5,146.2894
225,81.4286,56.6667,47.2658,22.5,147.1404
225,81.4286,56.6667,45,4.64E-06,150.292
225,81.4286,56.6667,72.3678,45,148.2606
225,81.4286,56.6667,54.7356,45,149.2967
225,81.4286,75,90,0,166.4901
225,81.4286,75,67.5,0,166.4071
225,81.4286,75,45,0,166.9519
225,81.4286,75,67.5,4.65E-06,166.5023
225,81.4286,75,68.6329,22.5,167.3506
225,81.4286,75,47.2658,22.5,167.1519
225,81.4286,75,45,4.81E-06,166.5141
225,81.4286,75,72.3678,45,166.9578
225,81.4286,75,54.7356,45,166.7027
225,98.5714,38.3333,90,0,126.78
225,98.5714,38.3333,67.5,0,127.4018
225,98.5714,38.3333,45,0,121.9267
225,98.5714,38.3333,67.5,2.52E-06,126.6545
225,98.5714,38.3333,68.6329,22.5,119.5344
225,98.5714,38.3333,47.2658,22.5,120.7657
225,98.5714,38.3333,90,45,126.5278
225,98.5714,38.3333,72.3678,45,123.1744
225,98.5714,38.3333,54.7356,45,124.6506
225,98.5714,56.6667,90,0,147.924
225,98.5714,56.6667,67.5,0,148.0948
225,98.5714,56.6667,45,0,146.8407
225,98.5714,56.6667,67.5,5.94E-06,147.8973
225,98.5714,56.6667,68.6329,22.5,146.0163
225,98.5714,56.6667,47.2658,22.5,146.4155
225,98.5714,56.6667,90,45,147.8695
225,98.5714,56.6667,72.3678,45,146.9397
225,98.5714,56.6667,54.7356,45,147.4527
225,98.5714,75,90,0,164.0907
225,98.5714,75,67.5,0,163.7819
225,98.5714,75,45,0,165.7894
225,98.5714,75,67.5,3.49E-06,164.1303
225,98.5714,75,68.6329,22.5,167.443
225,98.5714,75,47.2658,22.5,166.6573
225,98.5714,75,90,45,164.1708
225,98.5714,75,72.3678,45,165.8782
225,98.5714,75,54.7356,45,164.8309
225,98.5714,93.3333,90,0,177.1752
225,98.5714,93.3333,67.5,0,176.3953
225,98.5714,93.3333,45,0,181.0403
225,98.5714,93.3333,67.5,4.39E-06,177.2624
225,98.5714,93.3333,68.6329,22.5,185.4559
225,98.5714,93.3333,47.2658,22.5,183.3684
225,98.5714,93.3333,90,45,177.3512
225,98.5714,93.3333,72.3678,45,181.7274
225,98.5714,93.3333,54.7356,45,178.8748
225,115.7143,38.3333,90,0,123.1737
225,115.7143,38.3333,67.5,0,123.5888
225,115.7143,38.3333,45,0,119.9577
225,115.7143,38.3333,67.5,5.62E-06,123.0991
225,115.7143,38.3333,68.6329,22.5,118.0903
225,115.7143,38.3333,47.2658,22.5,118.9884
225,115.7143,38.3333,90,45,123.023
225,115.7143,38.3333,72.3678,45,120.672
225,115.7143,38.3333,54.7356,45,121.829
225,115.7143,56.6667,90,0,144.2437
225,115.7143,56.6667,67.5,0,144.1904
225,115.7143,56.6667,45,0,144.5786
225,115.7143,56.6667,67.5,4.69E-06,144.2515
225,115.7143,56.6667,68.6329,22.5,144.8737
225,115.7143,56.6667,47.2658,22.5,144.7376
225,115.7143,56.6667,45,6.80E-06,144.2591
225,115.7143,56.6667,72.3678,45,144.5636
225,115.7143,56.6667,54.7356,45,144.3818
225,115.7143,75,90,0,160.4145
225,115.7143,75,67.5,0,159.8814
225,115.7143,75,45,0,163.329
225,115.7143,75,67.5,2.38E-06,160.4783
225,115.7143,75,68.6329,22.5,166.588
225,115.7143,75,47.2658,22.5,165.0995
225,115.7143,75,45,1.31E-06,160.5443
225,115.7143,75,72.3678,45,163.6466
225,115.7143,75,54.7356,45,161.6085
225,115.7143,93.3333,90,0,173.536
225,115.7143,93.3333,67.5,0,172.5384
225,115.7143,93.3333,45,0,178.441
225,115.7143,93.3333,67.5,4.24E-06,173.6393
225,115.7143,93.3333,68.6329,22.5,184.8524
225,115.7143,93.3333,47.2658,22.5,181.9306
225,115.7143,93.3333,45,1.33E-06,173.7469
225,115.7143,93.3333,72.3678,45,179.6331
225,115.7143,93.3333,54.7356,45,175.5522
225,115.7143,111.6667,90,0,184.5719
225,115.7143,111.6667,67.5,0,183.1226
225,115.7143,111.6667,45,0,191.0675
225,115.7143,111.6667,67.5,3.44E-06,184.7022
225,115.7143,111.6667,68.6329,22.5,200.5886
225,115.7143,111.6667,47.2658,22.5,196.2528
225,115.7143,111.6667,45,7.63E-06,184.8394
225,115.7143,111.6667,72.3678,45,193.4352
225,115.7143,111.6667,54.7356,45,187.2678
225,132.8571,38.3333,90,0,118.4143
225,132.8571,38.3333,67.5,0,118.6148
225,132.8571,38.3333,45,0,116.8893
225,132.8571,38.3333,67.5,2.82E-07,118.3813
225,132.8571,38.3333,68.6329,22.5,115.817
225,132.8571,38.3333,47.2658,22.5,116.3037
225,132.8571,38.3333,90,45,118.3477
225,132.8571,38.3333,72.3678,45,117.1504
225,132.8571,38.3333,54.7356,45,117.8098
225,132.8571,56.6667,90,0,139.2296
225,132.8571,56.6667,67.5,0,138.9463
225,132.8571,56.6667,45,0,140.9581
225,132.8571,56.6667,67.5,2.88E-06,139.2654
225,132.8571,56.6667,68.6329,22.5,142.7667
225,132.8571,56.6667,47.2658,22.5,141.9655
225,132.8571,56.6667,90,45,139.3041
225,132.8571,56.6667,72.3678,45,140.999
225,132.8571,56.6667,54.7356,45,139.8965
225,132.8571,75,90,0,155.2839
225,132.8571,75,67.5,0,154.5214
225,132.8571,75,45,0,159.3344
225,132.8571,75,67.5,5.42E-06,155.3684
225,132.8571,75,68.6329,22.5,164.6673
225,132.8571,75,47.2658,22.5,162.3116
225,132.8571,75,45,6.01E-06,155.4572
225,132.8571,75,72.3678,45,160.1086
225,132.8571,75,54.7356,45,156.8292
225,132.8571,93.3333,90,0,168.3565
225,132.8571,93.3333,67.5,0,167.1374
225,132.8571,93.3333,45,0,174.1694
225,132.8571,93.3333,67.5,4.78E-06,168.4753
225,132.8571,93.3333,68.6329,22.5,183.1067
225,132.8571,93.3333,47.2658,22.5,179.1571
225,132.8571,93.3333,90,45,168.6002
225,132.8571,93.3333,72.3678,45,176.1468
225,132.8571,93.3333,54.7356,45,170.573
225,132.8571,111.6667,90,0,179.3798
225,132.8571,111.6667,67.5,0,177.7145
225,132.8571,111.6667,45,0,186.5895
225,132.8571,111.6667,67.5,3.42E-06,179.5227
225,132.8571,111.6667,68.6329,22.5,198.9969
225,132.8571,111.6667,47.2658,22.5,193.5075
225,132.8571,111.6667,45,7.35E-06,179.6758
225,132.8571,111.6667,72.3678,45,190.0048
225,132.8571,111.6667,54.7356,45,182.1462
225,132.8571,130,90,0,188.907
225,132.8571,130,45,0,197.2609
225,132.8571,130,67.5,1.97E-06,189.0692
225,132.8571,130,68.6329,22.5,212.9243
225,132.8571,130,47.2658,22.5,205.9879
225,132.8571,130,45,3.76E-06,189.2446
225,132.8571,130,72.3678,45,202.2303
225,132.8571,130,54.7356,45,192.1478
225,150,38.3333,90,0,112.2676
225,150,38.3333,67.5,0,112.2449
225,150,38.3333,45,0,112.4284
225,150,38.3333,67.5,5.23E-07,112.2708
225,150,38.3333,68.6329,22.5,112.5702
225,150,38.3333,47.2658,22.5,112.5098
225,150,38.3333,90,45,112.2736
225,150,38.3333,72.3678,45,112.4128
225,150,56.6667,90,0,132.6062
225,150,56.6667,67.5,0,132.0837
225,150,56.6667,45,0,135.6215
225,150,56.6667,67.5,1.41E-06,132.6691
225,150,56.6667,68.6329,22.5,139.5123
225,150,56.6667,47.2658,22.5,137.8432
225,150,56.6667,45,3.74E-06,132.7331
225,150,56.6667,72.3678,45,136.0044
225,150,75,90,0,148.3938
225,150,75,67.5,0,147.3912
225,150,75,45,0,153.3908
225,150,75,67.5,2.10E-06,148.4984
225,150,75,47.2658,22.5,157.9899
225,150,75,45,7.49E-06,148.6082
225,150,75,72.3678,45,154.9911
225,150,75,54.7356,45,150.1466
225,150,93.3333,90,0,161.3122
225,150,93.3333,45,0,167.7864
225,150,93.3333,67.5,2.36E-06,161.4471
225,150,93.3333,68.6329,22.5,179.9651
225,150,93.3333,47.2658,22.5,174.7091
225,150,93.3333,45,7.21E-06,161.5916
225,150,93.3333,72.3678,45,170.9691
225,150,93.3333,54.7356,45,163.5698
225,150,111.6667,90,0,172.2456
225,150,111.6667,67.5,0,170.3357
225,150,111.6667,45,0,179.8852
225,150,111.6667,67.5,4.00E-06,172.4045
225,150,111.6667,68.6329,22.5,195.9186
225,150,111.6667,47.2658,22.5,188.9787
225,150,111.6667,72.3678,45,184.802
225,150,111.6667,54.7356,45,174.9146
225,150,130,90,0,181.7208
225,150,130,67.5,0,179.3754
225,150,130,45,0,190.314
225,150,130,67.5,4.45E-06,181.9008
225,150,130,68.6329,22.5,209.9053
225,150,130,47.2658,22.5,201.4086
225,150,130,72.3678,45,197.0197
225,150,130,54.7356,45,184.7476
250,47.1429,38.3333,90,0,138.572
250,47.1429,38.3333,67.5,0,140.0386
250,47.1429,38.3333,45,0,127.2447
250,47.1429,38.3333,67.5,1.24E-06,138.1384
250,47.1429,38.3333,47.2658,22.5,126.2878
250,47.1429,38.3333,45,6.47E-06,137.7219
250,47.1429,38.3333,72.3678,45,131.157
250,47.1429,38.3333,54.7356,45,132.9233
250,64.2857,38.3333,90,0,138.1226
250,64.2857,38.3333,67.5,0,139.3947
250,64.2857,38.3333,45,0,128.0049
250,64.2857,38.3333,67.5,4.28E-06,137.7756
250,64.2857,38.3333,68.6329,22.5,124.8573
250,64.2857,38.3333,47.2658,22.5,126.9086
250,64.2857,38.3333,90,45,137.4386
250,64.2857,38.3333,54.7356,45,133.2399
250,64.2857,56.6667,90,0,160.0275
250,64.2857,56.6667,67.5,0,160.9301
250,64.2857,56.6667,45,0,154.2088
250,64.2857,56.6667,67.5,1.60E-06,159.8365
250,64.2857,56.6667,68.6329,22.5,151.1538
250,64.2857,56.6667,47.2658,22.5,152.8813
250,64.2857,56.6667,90,45,159.6473
250,64.2857,56.6667,54.7356,45,157.196
250,81.4286,38.3333,90,0,136.8759
250,81.4286,38.3333,67.5,0,137.955
250,81.4286,38.3333,45,0,128.1054
250,81.4286,38.3333,67.5,7.97E-07,136.6068
250,81.4286,38.3333,68.6329,22.5,125.078
250,81.4286,38.3333,90,45,136.3414
250,81.4286,38.3333,72.3678,45,130.9762
250,81.4286,38.3333,54.7356,45,132.7841
250,81.4286,56.6667,90,0,159.0175
250,81.4286,56.6667,67.5,0,159.7077
250,81.4286,56.6667,45,0,154.4789
250,81.4286,56.6667,67.5,5.28E-07,158.8837
250,81.4286,56.6667,68.6329,22.5,151.8744
250,81.4286,56.6667,47.2658,22.5,153.2648
250,81.4286,56.6667,90,45,158.7492
250,81.4286,56.6667,54.7356,45,156.8972
250,81.4286,75,90,0,175.8973
250,81.4286,75,67.5,0,176.1328
250,81.4286,75,45,0,174.5516
250,81.4286,75,67.5,4.56E-06,175.8598
250,81.4286,75,47.2658,22.5,174.0606
250,81.4286,75,45,3.31E-06,175.8213
250,81.4286,75,72.3678,45,174.6241
250,81.4286,75,54.7356,45,175.2641
250,98.5714,38.3333,90,0,134.8366
250,98.5714,38.3333,67.5,0,135.7191
250,98.5714,38.3333,45,0,127.5329
250,98.5714,38.3333,67.5,1.04E-06,134.633
250,98.5714,38.3333,68.6329,22.5,124.6823
250,98.5714,38.3333,47.2658,22.5,126.2717
250,98.5714,38.3333,72.3678,45,129.7993
250,98.5714,38.3333,54.7356,45,131.545
250,98.5714,56.6667,90,0,157.1063
250,98.5714,56.6667,67.5,0,157.5828
250,98.5714,56.6667,45,0,153.9247
250,98.5714,56.6667,67.5,4.70E-06,157.0208
250,98.5714,56.6667,68.6329,22.5,151.8992
250,98.5714,56.6667,47.2658,22.5,152.9239
250,98.5714,56.6667,45,1.24E-06,156.9346
250,98.5714,56.6667,72.3678,45,154.4264
250,98.5714,75,90,0,174.1251
250,98.5714,75,67.5,0,174.1433
250,98.5714,75,45,0,174.0202
250,98.5714,75,67.5,2.33E-06,174.1222
250,98.5714,75,68.6329,22.5,173.9328
250,98.5714,75,47.2658,22.5,173.9767
250,98.5714,75,90,45,174.1197
250,98.5714,75,72.3678,45,174.0232
250,98.5714,93.3333,90,0,187.8947
250,98.5714,93.3333,45,0,190.1989
250,98.5714,93.3333,67.5,4.52E-06,187.95
250,98.5714,93.3333,68.6329,22.5,192.4786
250,98.5714,93.3333,47.2658,22.5,191.3732
250,98.5714,93.3333,90,45,188.0066
250,98.5714,93.3333,72.3678,45,190.405
250,98.5714,93.3333,54.7356,45,188.9374
250,115.7143,38.3333,90,0,131.9693
250,115.7143,38.3333,67.5,0,132.657
250,115.7143,38.3333,45,0,126.2436
250,115.7143,38.3333,67.5,1.01E-06,131.8252
250,115.7143,38.3333,68.6329,22.5,123.6651
250,115.7143,38.3333,45,3.47E-06,131.6802
250,115.7143,38.3333,72.3678,45,127.884
250,115.7143,38.3333,54.7356,45,129.4844
250,115.7143,56.6667,90,0,154.2501
250,115.7143,56.6667,67.5,0,154.514
250,115.7143,56.6667,45,0,152.4838
250,115.7143,56.6667,67.5,2.50E-07,154.2068
250,115.7143,56.6667,68.6329,22.5,151.2156
250,115.7143,56.6667,47.2658,22.5,151.8248
250,115.7143,56.6667,72.3678,45,152.7079
250,115.7143,56.6667,54.7356,45,153.4935
250,115.7143,75,90,0,171.3303
250,115.7143,75,45,0,172.4855
250,115.7143,75,67.5,4.47E-06,171.3575
250,115.7143,75,68.6329,22.5,173.5608
250,115.7143,75,47.2658,22.5,173.0544
250,115.7143,75,90,45,171.3855
250,115.7143,75,72.3678,45,172.4978
250,115.7143,75,54.7356,45,171.8233
250,115.7143,93.3333,90,0,185.1752
250,115.7143,93.3333,67.5,0,184.5192
250,115.7143,93.3333,45,0,188.5951
250,115.7143,93.3333,68.6329,22.5,192.379
250,115.7143,93.3333,47.2658,22.5,190.6105
250,115.7143,93.3333,45,1.17E-06,185.3309
250,115.7143,93.3333,72.3678,45,189.0526
250,115.7143,93.3333,54.7356,45,186.6426
250,115.7143,111.6667,90,0,196.8052
250,115.7143,111.6667,67.5,0,195.7038
250,115.7143,111.6667,67.5,3.78E-06,196.917
250,115.7143,111.6667,68.6329,22.5,208.6141
250,115.7143,111.6667,47.2658,22.5,205.5552
250,115.7143,111.6667,45,2.68E-06,197.034
250,115.7143,111.6667,72.3678,45,203.3299
250,115.7143,111.6667,54.7356,45,199.0744
250,132.8571,38.3333,90,0,128.211
250,132.8571,38.3333,67.5,0,128.7027
250,132.8571,38.3333,45,0,124.1468
250,132.8571,38.3333,68.6329,22.5,121.9946
250,132.8571,38.3333,47.2658,22.5,123.0355
250,132.8571,38.3333,45,5.88E-06,128.0238
250,132.8571,38.3333,72.3678,45,125.1795
250,132.8571,38.3333,54.7356,45,126.5202
250,132.8571,56.6667,90,0,150.3672
250,132.8571,56.6667,67.5,0,150.4158
250,132.8571,56.6667,45,0,150.0461
250,132.8571,56.6667,67.5,3.02E-06,150.3597
250,132.8571,56.6667,68.6329,22.5,149.7813
250,132.8571,56.6667,47.2658,22.5,149.903
250,132.8571,56.6667,72.3678,45,150.0732
250,132.8571,56.6667,54.7356,45,150.2366
250,132.8571,75,90,0,167.4179
250,132.8571,75,67.5,0,166.9998
250,132.8571,75,67.5,4.82E-06,167.4705
250,132.8571,75,68.6329,22.5,172.366
250,132.8571,75,47.2658,22.5,171.2089
250,132.8571,75,90,45,167.5244
250,132.8571,75,72.3678,45,169.9685
250,132.8571,75,54.7356,45,168.3869
250,132.8571,93.3333,90,0,181.2732
250,132.8571,93.3333,67.5,0,180.4016
250,132.8571,93.3333,45,0,185.7634
250,132.8571,93.3333,67.5,2.79E-06,181.3686
250,132.8571,93.3333,68.6329,22.5,191.4032
250,132.8571,93.3333,47.2658,22.5,188.8518
250,132.8571,93.3333,45,7.28E-06,181.4676
250,132.8571,93.3333,54.7356,45,183.0866
250,132.8571,111.6667,90,0,192.9341
250,132.8571,111.6667,67.5,0,191.6262
250,132.8571,111.6667,45,0,199.0963
250,132.8571,111.6667,67.5,7.76E-07,193.0602
250,132.8571,111.6667,47.2658,22.5,203.8829
250,132.8571,111.6667,90,45,193.1922
250,132.8571,111.6667,72.3678,45,201.0136
250,132.8571,111.6667,54.7356,45,195.4347
250,132.8571,130,90,0,202.9939
250,132.8571,130,67.5,0,201.2591
250,132.8571,130,45,0,210.5295
250,132.8571,130,67.5,1.36E-06,203.1423
250,132.8571,130,68.6329,22.5,222.2482
250,132.8571,130,47.2658,22.5,216.9522
250,132.8571,130,45,7.28E-06,203.3004
250,132.8571,130,72.3678,45,213.6845
250,150,38.3333,90,0,123.4453
250,150,38.3333,67.5,0,123.736
250,150,38.3333,45,0,121.1011
250,150,38.3333,67.5,5.12E-06,123.3956
250,150,38.3333,47.2658,22.5,120.2872
250,150,38.3333,90,45,123.3455
250,150,38.3333,72.3678,45,121.5912
250,150,38.3333,54.7356,45,122.5164
250,150,75,90,0,162.2283
250,150,75,67.5,0,161.5854
250,150,75,45,0,165.8074
250,150,75,68.6329,22.5,170.2491
250,150,75,47.2658,22.5,168.2951
250,150,75,90,45,162.381
250,150,75,72.3678,45,166.2998
250,150,75,54.7356,45,163.5856
250,150,111.6667,90,0,187.6515
250,150,111.6667,67.5,0,186.1286
250,150,111.6667,45,0,194.5832
250,150,111.6667,67.5,3.73E-06,187.7913
250,150,111.6667,68.6329,22.5,206.0004
250,150,111.6667,47.2658,22.5,200.9731
250,150,111.6667,72.3678,45,197.4235
250,150,111.6667,54.7356,45,190.2736
50,30,29.1667,90,0,49.1149
50,30,29.1667,67.5,0,48.4568
50,30,29.1667,45,0,51.7172
50,30,29.1667,67.5,3.19E-06,49.1652
50,30,29.1667,68.6329,22.5,56.8458
50,30,29.1667,47.2658,22.5,54.5621
50,30,29.1667,72.3678,45,53.3547
50,30,29.1667,54.7356,45,50.1092
70,30,20,90,0,54.1418
70,30,20,67.5,0,54.1418
70,30,20,45,0,54.1418
70,30,20,67.5,5.34E-06,54.1418
70,30,20,68.6329,22.5,54.1418
70,30,20,47.2658,22.5,54.1418
70,30,20,45,7.28E-06,54.1418
70,30,20,72.3678,45,54.1418
70,30,29.1667,67.5,0,62.6868
70,30,29.1667,45,0,64.5218
70,30,29.1667,67.5,5.10E-07,63.0291
70,30,29.1667,68.6329,22.5,66.256
70,30,29.1667,47.2658,22.5,65.4311
70,30,29.1667,45,3.95E-06,63.0641
70,30,29.1667,72.3678,45,64.7886
70,30,29.1667,54.7356,45,63.6704
90,30,20,90,0,63.1039
90,30,20,67.5,0,63.4126
90,30,20,45,0,61.0587
90,30,20,67.5,1.38E-06,63.0441
90,30,20,68.6329,22.5,59.9034
90,30,20,47.2658,22.5,60.5181
90,30,20,45,1.12E-06,62.9842
90,30,20,54.7356,45,62.1512
90,30,29.1667,90,0,73.4318
90,30,29.1667,45,0,73.2834
90,30,29.1667,67.5,3.66E-06,73.428
90,30,29.1667,68.6329,22.5,73.1633
90,30,29.1667,47.2658,22.5,73.2241
90,30,29.1667,90,45,73.4235
90,30,29.1667,72.3678,45,73.2852
90,30,29.1667,54.7356,45,73.362
110,30,20,90,0,70.5923
110,30,20,67.5,0,71.1683
110,30,20,45,0,66.4354
110,30,20,67.5,3.15E-06,70.4552
110,30,20,68.6329,22.5,64.7436
110,30,20,47.2658,22.5,65.7449
110,30,20,90,45,70.3202
110,30,20,54.7356,45,68.5922
130,30,20,90,0,77.1627
130,30,20,45,0,70.8967
130,30,20,67.5,5.00E-06,76.9382
130,30,20,68.6329,22.5,69.0168
130,30,20,47.2658,22.5,70.2768
130,30,20,45,5.65E-06,76.7208
130,30,20,72.3678,45,73.0246
130,30,20,54.7356,45,74.0927
130,30,29.1667,90,0,89.8322
130,30,29.1667,67.5,0,90.4405
130,30,29.1667,45,0,85.9426
130,30,29.1667,67.5,5.94E-06,89.6995
130,30,29.1667,47.2658,22.5,85.1234
130,30,29.1667,90,45,89.5674
130,30,29.1667,72.3678,45,86.7335
130,30,29.1667,54.7356,45,87.9077
150,30,20,90,0,83.0851
150,30,20,67.5,0,84.0779
150,30,20,45,0,74.7445
150,30,20,67.5,5.25E-06,82.7685
150,30,20,68.6329,22.5,72.8934
150,30,20,47.2658,22.5,74.3271
150,30,20,45,1.05E-06,82.4654
150,30,20,54.7356,45,78.9498
150,30,29.1667,90,0,96.7355
150,30,29.1667,67.5,0,97.5894
150,30,29.1667,45,0,90.939
150,30,29.1667,67.5,1.86E-06,96.521
150,30,29.1667,68.6329,22.5,88.5731
150,30,29.1667,90,45,96.3136
150,30,29.1667,72.3678,45,92.4562
150,30,29.1667,54.7356,45,93.8345
170,30,20,90,0,88.5158
170,30,20,67.5,0,89.6657
170,30,20,67.5,5.53E-06,88.1057
170,30,20,68.6329,22.5,76.468
170,30,20,47.2658,22.5,78.0144
170,30,20,90,45,87.7184
170,30,20,72.3678,45,82.531
170,30,20,54.7356,45,83.3303
170,30,29.1667,90,0,103.058
170,30,29.1667,67.5,0,104.1291
170,30,29.1667,45,0,95.3635
170,30,29.1667,68.6329,22.5,92.7821
170,30,29.1667,47.2658,22.5,94.5121
170,30,29.1667,90,45,102.4704
170,30,29.1667,72.3678,45,97.7346
170,30,29.1667,54.7356,45,99.1777
190,30,20,90,0,93.5561
190,30,20,67.5,0,94.8339
190,30,20,45,0,81.1861
190,30,20,67.5,4.41E-06,93.0528
190,30,20,47.2658,22.5,81.4195
190,30,20,45,3.26E-06,92.5827
190,30,20,72.3678,45,86.7916
190,30,20,54.7356,45,87.3416
190,30,29.1667,90,0,108.9164
190,30,29.1667,67.5,0,110.1798
190,30,29.1667,45,0,99.3464
190,30,29.1667,67.5,5.96E-06,108.5306
190,30,29.1667,68.6329,22.5,96.6987
190,30,29.1667,47.2658,22.5,98.6267
190,30,29.1667,45,2.32E-06,108.1602
190,30,29.1667,72.3678,45,102.6563
210,30,20,90,0,98.2743
210,30,20,67.5,0,99.6576
210,30,20,67.5,2.26E-06,97.6796
210,30,20,68.6329,22.5,82.9378
210,30,20,47.2658,22.5,84.5934
210,30,20,90,45,97.1295
210,30,20,72.3678,45,90.8028
210,30,20,54.7356,45,91.0555
210,30,29.1667,90,0,114.3934
210,30,29.1667,67.5,0,115.8242
210,30,29.1667,45,0,102.9728
210,30,29.1667,67.5,8.20E-07,113.919
210,30,29.1667,68.6329,22.5,100.3733
210,30,29.1667,45,2.67E-06,113.4675
210,30,29.1667,72.3678,45,107.2815
210,30,29.1667,54.7356,45,108.5843
230,30,20,67.5,0,104.1892
230,30,20,45,0,86.4831
230,30,20,67.5,5.83E-06,102.0388
230,30,20,68.6329,22.5,85.9069
230,30,20,47.2658,22.5,87.573
230,30,20,45,8.76E-07,101.4107
230,30,20,72.3678,45,94.6014
230,30,20,54.7356,45,94.5225
230,30,29.1667,90,0,119.5468
230,30,29.1667,67.5,0,121.1234
230,30,29.1667,45,0,106.3069
230,30,29.1667,67.5,5.72E-06,118.9847
230,30,29.1667,68.6329,22.5,103.8433
230,30,29.1667,47.2658,22.5,106.0337
230,30,29.1667,72.3678,45,111.6567
230,30,29.1667,54.7356,45,112.7945
250,30,29.1667,90,0,124.4232
250,30,29.1667,45,0,109.3886
250,30,29.1667,67.5,3.57E-06,123.7733
250,30,29.1667,68.6329,22.5,107.1388
250,30,29.1667,47.2658,22.5,109.4096
250,30,29.1667,45,7.30E-06,123.1652
250,30,29.1667,72.3678,45,115.8147
250,30,29.1667,54.7356,45,116.7447
50,42,20,90,0,32.7987
50,42,20,67.5,0,32.1779
50,42,20,45,0,34.3394
50,42,20,67.5,1.09E-06,32.8496
50,42,20,47.2658,22.5,38.056
50,42,20,90,45,32.9062
50,42,20,72.3678,45,36.754
50,42,20,54.7356,45,33.1692
50,42,29.1667,90,0,38.9566
50,42,29.1667,67.5,0,37.9976
50,42,29.1667,45,0,40.8199
50,42,29.1667,67.5,1.23E-06,39.0325
50,42,29.1667,68.6329,22.5,50.705
50,42,29.1667,90,45,39.1165
50,42,29.1667,72.3678,45,45.0132
50,42,29.1667,54.7356,45,39.3852
70,42,20,90,0,50.322
70,42,20,67.5,0,50.1248
70,42,20,67.5,1.01E-06,50.3455
70,42,20,68.6329,22.5,52.803
70,42,20,47.2658,22.5,52.2068
70,42,20,45,2.02E-06,50.37
70,42,20,72.3678,45,51.5717
70,42,20,54.7356,45,50.7499
70,42,29.1667,90,0,59.0128
70,42,29.1667,67.5,0,58.5133
70,42,29.1667,45,0,61.386
70,42,29.1667,67.5,2.50E-06,59.0608
70,42,29.1667,68.6329,22.5,65.1752
70,42,29.1667,47.2658,22.5,63.4994
70,42,29.1667,45,3.81E-06,59.1118
70,42,29.1667,72.3678,45,62.2428
70,42,29.1667,54.7356,45,59.9059
70,42,38.3333,90,0,65.8137
70,42,38.3333,67.5,0,65.0104
70,42,38.3333,45,0,69.1017
70,42,38.3333,67.5,5.78E-07,65.8775
70,42,38.3333,68.6329,22.5,75.3374
70,42,38.3333,47.2658,22.5,72.5675
70,42,38.3333,45,4.57E-06,65.9472
70,42,38.3333,72.3678,45,70.9936
70,42,38.3333,54.7356,45,67.0646
90,42,20,90,0,60.977
90,42,20,67.5,0,61.1004
90,42,20,45,0,60.1424
90,42,20,67.5,3.33E-06,60.9564
90,42,20,47.2658,22.5,59.8356
90,42,20,90,45,60.936
90,42,20,72.3678,45,60.254
90,42,20,54.7356,45,60.62
90,42,29.1667,90,0,71.2568
90,42,29.1667,67.5,0,71.1859
90,42,29.1667,45,0,72.2772
90,42,29.1667,67.5,2.91E-06,71.3721
90,42,29.1667,68.6329,22.5,73.2052
90,42,29.1667,47.2658,22.5,72.7696
90,42,29.1667,90,45,71.3942
90,42,29.1667,72.3678,45,72.3282
90,42,29.1667,54.7356,45,71.7459
90,42,38.3333,90,0,79.3778
90,42,38.3333,67.5,0,78.9973
90,42,38.3333,45,0,81.7273
90,42,38.3333,67.5,1.00E-06,79.5089
90,42,38.3333,68.6329,22.5,84.5113
90,42,38.3333,47.2658,22.5,83.2115
90,42,38.3333,45,4.11E-06,79.5584
90,42,38.3333,72.3678,45,82.219
90,42,38.3333,54.7356,45,80.4317
110,42,20,90,0,69.2728
110,42,20,67.5,0,69.6776
110,42,20,45,0,66.2601
110,42,20,67.5,3.76E-06,69.1882
110,42,20,68.6329,22.5,64.8113
110,42,20,47.2658,22.5,65.5835
110,42,20,45,2.56E-06,69.1039
110,42,20,72.3678,45,67.0167
110,42,29.1667,90,0,80.9869
110,42,29.1667,67.5,0,81.1353
110,42,29.1667,45,0,80.0763
110,42,29.1667,67.5,2.33E-06,80.9627
110,42,29.1667,68.6329,22.5,79.4125
110,42,29.1667,47.2658,22.5,79.7449
110,42,29.1667,90,45,80.9383
110,42,29.1667,72.3678,45,80.1597
110,42,29.1667,54.7356,45,80.575
110,42,38.3333,90,0,90.1548
110,42,38.3333,67.5,0,90.0194
110,42,38.3333,45,0,90.8844
110,42,38.3333,67.5,7.62E-07,90.1728
110,42,38.3333,68.6329,22.5,91.5585
110,42,38.3333,47.2658,22.5,91.2279
110,42,38.3333,90,45,90.1906
110,42,38.3333,72.3678,45,90.9176
110,42,38.3333,54.7356,45,90.4878
130,42,20,90,0,76.2992
130,42,20,67.5,0,76.9458
130,42,20,45,0,71.0888
130,42,20,68.6329,22.5,69.2994
130,42,20,47.2658,22.5,70.3783
130,42,20,45,6.23E-06,75.9796
130,42,20,72.3678,45,72.7867
130,42,20,54.7356,45,73.8595
130,42,29.1667,90,0,89.1531
130,42,29.1667,67.5,0,89.587
130,42,29.1667,45,0,86.2975
130,42,29.1667,67.5,3.52E-07,89.0674
130,42,29.1667,68.6329,22.5,84.6877
130,42,29.1667,47.2658,22.5,85.5501
130,42,29.1667,45,5.27E-06,88.9839
130,42,29.1667,72.3678,45,86.8245
130,42,29.1667,54.7356,45,87.8153
130,42,38.3333,90,0,99.2305
130,42,38.3333,67.5,0,99.4014
130,42,38.3333,45,0,98.2458
130,42,38.3333,67.5,2.32E-06,99.2026
130,42,38.3333,68.6329,22.5,97.5196
130,42,38.3333,47.2658,22.5,97.8946
130,42,38.3333,90,45,99.1744
130,42,38.3333,72.3678,45,98.308
130,42,38.3333,54.7356,45,98.767
150,42,20,67.5,0,83.354
150,42,20,45,0,75.1288
150,42,20,67.5,1.32E-06,82.2603
150,42,20,68.6329,22.5,73.2945
150,42,20,47.2658,22.5,74.5741
150,42,20,45,5.79E-06,82.0214
150,42,20,72.3678,45,77.9221
150,42,20,54.7356,45,78.9792
150,42,29.1667,90,0,96.3637
150,42,29.1667,67.5,0,97.0529
150,42,29.1667,45,0,91.5396
150,42,29.1667,67.5,6.87E-07,96.2067
150,42,29.1667,68.6329,22.5,89.3714
150,42,29.1667,47.2658,22.5,90.6188
150,42,29.1667,90,45,96.0527
150,42,29.1667,72.3678,45,92.7499
150,42,29.1667,54.7356,45,94.0508
150,42,38.3333,90,0,107.2444
150,42,38.3333,67.5,0,107.6975
150,42,38.3333,45,0,104.479
150,42,38.3333,67.5,6.05E-06,107.1586
150,42,38.3333,68.6329,22.5,102.7934
150,42,38.3333,47.2658,22.5,103.7082
150,42,38.3333,90,45,107.0729
150,42,38.3333,72.3678,45,104.8665
150,42,38.3333,54.7356,45,105.9101
170,42,20,90,0,88.1261
170,42,20,67.5,0,89.1397
170,42,20,45,0,78.6325
170,42,20,67.5,3.62E-06,87.7911
170,42,20,68.6329,22.5,76.9369
170,42,20,45,7.99E-06,87.4708
170,42,20,72.3678,45,82.6052
170,42,20,54.7356,45,83.5209
170,42,29.1667,90,0,102.8846
170,42,29.1667,67.5,0,103.802
170,42,29.1667,45,0,96.1
170,42,29.1667,67.5,2.19E-06,102.6507
170,42,29.1667,68.6329,22.5,93.6306
170,42,29.1667,47.2658,22.5,95.1683
170,42,29.1667,90,45,102.4212
170,42,29.1667,72.3678,45,98.1462
170,42,29.1667,54.7356,45,99.5837
170,42,38.3333,90,0,114.489
170,42,38.3333,67.5,0,115.1982
170,42,38.3333,45,0,109.9242
170,42,38.3333,67.5,4.71E-07,114.3362
170,42,38.3333,68.6329,22.5,107.5773
170,42,38.3333,47.2658,22.5,108.916
170,42,38.3333,90,45,114.1854
170,42,38.3333,72.3678,45,110.8319
170,42,38.3333,54.7356,45,112.2526
190,42,20,90,0,93.2962
190,42,20,45,0,81.7352
190,42,20,67.5,2.38E-06,92.8715
190,42,20,68.6329,22.5,80.3096
190,42,20,47.2658,22.5,81.8034
190,42,20,90,45,92.4691
190,42,20,72.3678,45,86.9427
190,42,20,54.7356,45,87.6349
190,42,29.1667,90,0,108.8774
190,42,29.1667,67.5,0,109.995
190,42,29.1667,45,0,100.1539
190,42,29.1667,67.5,1.48E-06,108.5601
190,42,29.1667,68.6329,22.5,97.5694
190,42,29.1667,47.2658,22.5,99.323
190,42,29.1667,45,6.07E-06,108.2529
190,42,29.1667,72.3678,45,103.1361
190,42,29.1667,54.7356,45,104.5878
190,42,38.3333,90,0,121.1411
190,42,38.3333,67.5,0,122.0864
190,42,38.3333,45,0,114.7784
190,42,38.3333,67.5,1.32E-06,120.9155
190,42,38.3333,68.6329,22.5,111.9879
190,42,38.3333,47.2658,22.5,113.6673
190,42,38.3333,45,3.29E-06,120.6955
190,42,38.3333,72.3678,45,116.344
190,42,38.3333,54.7356,45,117.991
210,42,20,90,0,98.1063
210,42,20,67.5,0,99.3697
210,42,20,45,0,84.5264
210,42,20,67.5,2.70E-06,97.5924
210,42,20,68.6329,22.5,83.4656
210,42,20,90,45,97.1122
210,42,20,72.3678,45,91.0016
210,42,20,54.7356,45,91.4138
210,42,29.1667,90,0,114.4459
210,42,29.1667,67.5,0,115.7399
210,42,29.1667,45,0,103.8162
210,42,29.1667,67.5,2.26E-06,114.0436
210,42,29.1667,68.6329,22.5,101.247
210,42,29.1667,47.2658,22.5,103.1657
210,42,29.1667,45,7.19E-06,113.6583
210,42,29.1667,72.3678,45,107.8015
210,42,29.1667,54.7356,45,109.1795
210,42,38.3333,90,0,127.3175
210,42,38.3333,67.5,0,128.4767
210,42,38.3333,45,0,119.1678
210,42,38.3333,67.5,1.70E-06,127.0161
210,42,38.3333,68.6329,22.5,116.1003
210,42,38.3333,47.2658,22.5,118.0527
210,42,38.3333,90,45,126.7226
210,42,38.3333,72.3678,45,121.4927
210,42,38.3333,54.7356,45,123.252
230,42,20,90,0,102.6213
230,42,20,67.5,0,103.9753
230,42,20,45,0,87.0716
230,42,20,68.6329,22.5,86.4441
230,42,20,47.2658,22.5,88.0026
230,42,20,45,1.09E-06,101.4636
230,42,20,72.3678,45,94.8321
230,42,20,54.7356,45,94.9211
230,42,29.1667,90,0,119.6641
230,42,29.1667,67.5,0,121.11
230,42,29.1667,45,0,107.162
230,42,29.1667,67.5,4.42E-06,119.1769
230,42,29.1667,68.6329,22.5,104.711
230,42,29.1667,47.2658,22.5,106.7532
230,42,29.1667,90,45,118.7132
230,42,29.1667,72.3678,45,112.198
230,42,29.1667,54.7356,45,113.435
230,42,38.3333,90,0,133.0996
230,42,38.3333,67.5,0,134.4516
230,42,38.3333,45,0,123.1827
230,42,38.3333,67.5,1.88E-06,132.7183
230,42,38.3333,68.6329,22.5,119.9668
230,42,38.3333,47.2658,22.5,122.1396
230,42,38.3333,45,7.23E-06,132.3511
230,42,38.3333,72.3678,45,126.3382
230,42,38.3333,54.7356,45,128.126
250,42,29.1667,90,0,124.5853
250,42,29.1667,67.5,0,126.1651
250,42,29.1667,45,0,110.2439
250,42,29.1667,67.5,3.77E-06,124.0134
250,42,29.1667,68.6329,22.5,107.9932
250,42,29.1667,47.2658,22.5,110.1251
250,42,29.1667,72.3678,45,116.3654
250,42,29.1667,54.7356,45,117.4092
250,42,38.3333,67.5,0,140.0733
250,42,38.3333,45,0,126.888
250,42,38.3333,67.5,1.53E-06,138.0863
250,42,38.3333,68.6329,22.5,123.6243
250,42,38.3333,47.2658,22.5,125.9762
250,42,38.3333,90,45,137.6437
250,42,38.3333,72.3678,45,130.9276
250,42,38.3333,54.7356,45,132.6751
70,54,20,90,0,43.1263
70,54,20,67.5,0,42.7087
70,54,20,67.5,3.91E-07,43.1678
70,54,20,68.6329,22.5,48.9162
70,54,20,47.2658,22.5,47.2477
70,54,20,45,6.37E-06,43.2124
70,54,20,72.3678,45,45.9166
70,54,20,54.7356,45,43.682
70,54,29.1667,90,0,51.1446
70,54,29.1667,67.5,0,50.41
70,54,29.1667,45,0,53.701
70,54,29.1667,67.5,2.70E-06,51.2077
70,54,29.1667,68.6329,22.5,60.9788
70,54,29.1667,47.2658,22.5,57.862
70,54,29.1667,45,4.84E-06,51.2772
70,54,29.1667,72.3678,45,56.0604
70,54,29.1667,54.7356,45,51.8924
70,54,38.3333,90,0,57.5217
70,54,38.3333,67.5,0,56.4829
70,54,38.3333,45,0,60.5919
70,54,38.3333,67.5,2.71E-06,57.6042
70,54,38.3333,68.6329,22.5,70.9129
70,54,38.3333,47.2658,22.5,66.4552
70,54,38.3333,90,45,57.6956
70,54,38.3333,72.3678,45,64.4591
70,54,38.3333,54.7356,45,58.4157
90,54,47.5,90,0,81.8957
90,54,47.5,67.5,0,80.9576
90,54,47.5,45,0,85.8161
90,54,47.5,67.5,1.03E-06,81.973
90,54,47.5,68.6329,22.5,93.07
90,54,47.5,47.2658,22.5,89.8519
90,54,47.5,90,45,82.0551
90,54,47.5,72.3678,45,87.9473
90,54,47.5,54.7356,45,83.3838
110,54,20,90,0,66.8105
110,54,20,67.5,0,67.0441
110,54,20,45,0,65.0598
110,54,20,67.5,2.22E-06,66.7681
110,54,20,68.6329,22.5,64.0197
110,54,20,45,8.06E-06,66.7262
110,54,20,72.3678,45,65.4234
110,54,20,54.7356,45,66.0687
110,54,29.1667,90,0,78.4843
110,54,29.1667,67.5,0,78.4484
110,54,29.1667,45,0,78.7046
110,54,29.1667,67.5,1.26E-06,78.4889
110,54,29.1667,68.6329,22.5,78.8986
110,54,29.1667,47.2658,22.5,78.8087
110,54,29.1667,90,45,78.4945
110,54,29.1667,72.3678,45,78.6971
110,54,29.1667,54.7356,45,78.5759
110,54,38.3333,90,0,87.6608
110,54,38.3333,67.5,0,87.3401
110,54,38.3333,45,0,89.3907
110,54,38.3333,67.5,5.68E-06,87.6993
110,54,38.3333,68.6329,22.5,91.3089
110,54,38.3333,47.2658,22.5,90.4226
110,54,38.3333,45,5.39E-06,87.7389
110,54,38.3333,72.3678,45,89.5897
110,54,38.3333,54.7356,45,88.3833
110,54,47.5,90,0,95.2453
110,54,47.5,67.5,0,94.6399
110,54,47.5,45,0,98.1867
110,54,47.5,67.5,3.48E-06,95.3064
110,54,47.5,68.6329,22.5,101.992
110,54,47.5,47.2658,22.5,100.2362
110,54,47.5,90,45,95.3719
110,54,47.5,72.3678,45,98.9131
110,54,47.5,54.7356,45,96.4806
130,54,20,90,0,74.5794
130,54,20,67.5,0,75.066
130,54,20,45,0,70.5588
130,54,20,67.5,5.03E-07,74.4702
130,54,20,68.6329,22.5,68.9221
130,54,20,47.2658,22.5,69.8127
130,54,20,90,45,74.3623
130,54,20,72.3678,45,71.7722
130,54,29.1667,90,0,87.4836
130,54,29.1667,67.5,0,87.7417
130,54,29.1667,45,0,85.7491
130,54,29.1667,67.5,5.80E-08,87.4377
130,54,29.1667,68.6329,22.5,84.6217
130,54,29.1667,47.2658,22.5,85.1837
130,54,29.1667,90,45,87.3922
130,54,29.1667,72.3678,45,86.0163
130,54,29.1667,54.7356,45,86.7164
130,54,38.3333,90,0,97.6356
130,54,38.3333,67.5,0,97.6251
130,54,38.3333,45,0,97.6939
130,54,38.3333,67.5,6.12E-06,97.6368
130,54,38.3333,68.6329,22.5,97.7432
130,54,38.3333,47.2658,22.5,97.7197
130,54,38.3333,45,4.36E-06,97.6382
130,54,38.3333,72.3678,45,97.6923
130,54,38.3333,54.7356,45,97.6612
130,54,47.5,90,0,106.0255
130,54,47.5,67.5,0,105.7384
130,54,47.5,45,0,107.5433
130,54,47.5,67.5,2.10E-06,106.0621
130,54,47.5,68.6329,22.5,109.0726
130,54,47.5,47.2658,22.5,108.3385
130,54,47.5,90,45,106.0994
130,54,47.5,72.3678,45,107.679
130,54,47.5,54.7356,45,106.7009
150,54,20,90,0,81.243
150,54,20,67.5,0,81.9457
150,54,20,45,0,74.9665
150,54,20,67.5,3.44E-06,81.0578
150,54,20,47.2658,22.5,74.2919
150,54,20,45,6.47E-06,80.8761
150,54,20,72.3678,45,77.2542
150,54,20,54.7356,45,78.3529
150,54,29.1667,90,0,95.2021
150,54,29.1667,67.5,0,95.7258
150,54,29.1667,45,0,91.45
150,54,29.1667,67.5,3.51E-06,95.0935
150,54,29.1667,68.6329,22.5,89.5539
150,54,29.1667,47.2658,22.5,90.5673
150,54,29.1667,45,7.82E-06,94.9858
150,54,29.1667,72.3678,45,92.3199
150,54,29.1667,54.7356,45,93.482
150,54,38.3333,90,0,106.1931
150,54,38.3333,67.5,0,106.4734
150,54,38.3333,45,0,104.4535
150,54,38.3333,67.5,2.74E-06,106.1451
150,54,38.3333,68.6329,22.5,103.2695
150,54,38.3333,47.2658,22.5,103.8739
150,54,38.3333,45,6.24E-06,106.0968
150,54,38.3333,72.3678,45,104.6576
150,54,38.3333,54.7356,45,105.3957
150,54,47.5,90,0,115.2838
150,54,47.5,67.5,0,115.2985
150,54,47.5,45,0,115.2013
150,54,47.5,67.5,1.53E-06,115.2813
150,54,47.5,68.6329,22.5,115.1336
150,54,47.5,47.2658,22.5,115.1671
150,54,47.5,45,3.91E-06,115.2789
150,54,47.5,72.3678,45,115.2026
150,54,47.5,54.7356,45,115.2455
170,54,20,90,0,87.1659
170,54,20,67.5,0,88.0477
170,54,20,67.5,2.92E-06,86.899
170,54,20,68.6329,22.5,76.9573
170,54,20,47.2658,22.5,78.2429
170,54,20,45,6.44E-06,86.6402
170,54,20,72.3678,45,82.1597
170,54,20,54.7356,45,83.1784
170,54,47.5,90,0,123.5061
170,54,47.5,67.5,0,123.8034
170,54,47.5,45,0,121.7504
170,54,47.5,67.5,5.45E-06,123.4558
170,54,47.5,68.6329,22.5,120.525
170,54,47.5,47.2658,22.5,121.1641
170,54,47.5,45,1.06E-06,123.405
170,54,47.5,72.3678,45,121.9088
170,54,47.5,54.7356,45,122.677
190,54,20,67.5,0,93.5776
190,54,20,45,0,81.9249
190,54,20,67.5,2.84E-06,92.1983
190,54,20,68.6329,22.5,80.4319
190,54,20,47.2658,22.5,81.8141
190,54,20,90,45,91.8606
190,54,20,72.3678,45,86.6487
190,54,20,54.7356,45,87.4795
230,54,29.1667,90,0,119.3578
230,54,29.1667,67.5,0,120.6738
230,54,29.1667,45,0,107.688
230,54,29.1667,67.5,3.04E-06,118.804
230,54,29.1667,68.6329,22.5,105.2375
230,54,29.1667,47.2658,22.5,107.1406
230,54,29.1667,45,1.23E-06,118.5158
230,54,29.1667,72.3678,45,112.3471
230,54,29.1667,54.7356,45,113.675
230,54,38.3333,90,0,132.9467
230,54,38.3333,67.5,0,133.9904
230,54,38.3333,45,0,123.8754
230,54,38.3333,67.5,3.91E-06,132.6266
230,54,38.3333,68.6329,22.5,120.7534
230,54,38.3333,47.2658,22.5,122.7496
230,54,38.3333,90,45,132.3151
230,54,38.3333,72.3678,45,126.7198
230,54,38.3333,54.7356,45,128.5144
230,54,47.5,90,0,144.2116
230,54,47.5,67.5,0,145.2361
230,54,47.5,45,0,137.3523
230,54,47.5,67.5,4.22E-07,143.9755
230,54,47.5,68.6329,22.5,134.2007
230,54,47.5,47.2658,22.5,136.0602
230,54,47.5,90,45,143.7427
230,54,47.5,72.3678,45,138.9683
230,54,47.5,54.7356,45,140.8406
250,54,20,90,0,106.5068
250,54,20,67.5,0,107.8272
250,54,20,45,0,89.7796
250,54,20,67.5,6.23E-07,105.8984
250,54,20,68.6329,22.5,89.5455
250,54,20,45,6.59E-06,105.3333
250,54,20,72.3678,45,98.4162
250,54,20,54.7356,45,98.3358
250,54,29.1667,67.5,0,125.8276
250,54,29.1667,45,0,110.8117
250,54,29.1667,67.5,2.11E-06,123.871
250,54,29.1667,68.6329,22.5,108.5435
250,54,29.1667,47.2658,22.5,110.5467
250,54,29.1667,90,45,123.3958
250,54,29.1667,72.3678,45,116.5661
250,54,29.1667,54.7356,45,117.723
250,54,38.3333,90,0,138.4891
250,54,38.3333,67.5,0,139.8771
250,54,38.3333,45,0,127.629
250,54,38.3333,67.5,2.05E-06,138.0913
250,54,38.3333,68.6329,22.5,124.4249
250,54,38.3333,47.2658,22.5,126.6135
250,54,38.3333,90,45,137.7076
250,54,38.3333,72.3678,45,131.3561
250,54,47.5,90,0,150.1942
250,54,47.5,67.5,0,151.4251
250,54,47.5,45,0,141.6502
250,54,47.5,67.5,1.98E-06,149.8879
250,54,47.5,47.2658,22.5,140.2034
250,54,47.5,45,7.62E-06,149.4224
250,54,47.5,72.3678,45,143.8634
250,54,47.5,54.7356,45,145.8676
90,66,20,90,0,51.0415
90,66,20,67.5,0,50.7853
90,66,20,45,0,52.5246
90,66,20,67.5,6.04E-06,51.0405
90,66,20,68.6329,22.5,54.6091
90,66,20,47.2658,22.5,53.7791
90,66,20,90,45,51.1107
90,66,20,54.7356,45,51.4657
90,66,29.1667,90,0,60.5979
90,66,29.1667,67.5,0,59.9722
90,66,29.1667,45,0,63.1614
90,66,29.1667,67.5,2.36E-06,60.6109
90,66,29.1667,68.6329,22.5,68.3189
90,66,29.1667,47.2658,22.5,66.126
90,66,29.1667,90,45,60.7138
90,66,29.1667,72.3678,45,64.4003
90,66,29.1667,54.7356,45,61.4169
90,66,38.3333,90,0,68.2043
90,66,38.3333,67.5,0,67.34
90,66,38.3333,45,0,71.5418
90,66,38.3333,67.5,3.13E-06,68.2803
90,66,38.3333,68.6329,22.5,79.5759
90,66,38.3333,47.2658,22.5,76.1814
90,66,38.3333,45,2.16E-06,68.3668
90,66,38.3333,72.3678,45,74.0154
90,66,38.3333,54.7356,45,69.2126
90,66,47.5,90,0,74.512
90,66,47.5,67.5,0,73.4022
90,66,47.5,45,0,78.4884
90,66,47.5,67.5,5.98E-06,74.6192
90,66,47.5,68.6329,22.5,89.4051
90,66,47.5,47.2658,22.5,84.6926
90,66,47.5,90,45,74.7503
90,66,47.5,72.3678,45,82.2941
90,66,47.5,54.7356,45,75.7933
90,66,56.6667,90,0,80.0234
90,66,56.6667,67.5,0,78.5839
90,66,56.6667,45,0,84.4435
90,66,56.6667,67.5,5.22E-06,80.1326
90,66,56.6667,68.6329,22.5,97.9242
90,66,56.6667,47.2658,22.5,92.0843
90,66,56.6667,45,4.21E-06,80.2528
90,66,56.6667,72.3678,45,89.6055
90,66,56.6667,54.7356,45,81.4275
90,66,65.8333,90,0,84.8331
90,66,65.8333,67.5,0,83.1061
90,66,65.8333,45,0,89.668
90,66,65.8333,67.5,1.64E-07,84.9582
90,66,65.8333,68.6329,22.5,105.4912
90,66,65.8333,47.2658,22.5,98.6222
90,66,65.8333,45,7.01E-06,85.0972
90,66,65.8333,72.3678,45,96.1751
110,66,20,90,0,63.0587
110,66,20,67.5,0,63.1181
110,66,20,45,0,62.6247
110,66,20,67.5,4.35E-07,63.0494
110,66,20,68.6329,22.5,62.2884
110,66,20,47.2658,22.5,62.4389
110,66,20,72.3678,45,62.6827
110,66,20,54.7356,45,62.8891